Email,Age,Gender,ClothingCategory,Brand,PurchaseAmount (원),PurchaseLocation
minho_lee45@outlook.com,26,Female,Sportswear,Louis Vuitton,255000,광주 충장로점 (Gwangju)
minji.kim39@gmail.com,45,Male,Casual,Louis Vuitton,270000,광주 충장로점 (Gwangju)
hyesoo-p@naver.com,45,Female,Fashionable,H&M,365000,대전 은행동점 (Daejeon)
minho_lee45@outlook.com,29,Female,Casual,Gucci,65000,수원역점 (Suwon)
hyesoo-p@naver.com,22,Female,Sportswear,H&M,380000,롯데백화점 부산본점 (Busan)
minji.kim39@gmail.com,47,Male,Streetwear,Adidas,250000,압구정점 (Seoul)
yuna.kim23@gmail.com,20,Male,Streetwear,Zara,125000,광주 충장로점 (Gwangju)
yuna.kim23@gmail.com,38,Female,Luxury,Zara,420000,강남점 (Seoul)
choi.soobin88@yahoo.com,46,Female,Streetwear,Puma,240000,롯데백화점 부산본점 (Busan)
yuna.kim23@gmail.com,35,Male,Casual,Zara,460000,롯데백화점 부산본점 (Busan)
minho_lee45@outlook.com,53,Female,Fashionable,Puma,125000,대전 은행동점 (Daejeon)
hyesoo-p@naver.com,43,Male,Streetwear,Adidas,315000,수원역점 (Suwon)
choi.soobin88@yahoo.com,41,Female,Sportswear,Zara,130000,부산 센텀시티점 (Busan)
minji.kim39@gmail.com,57,Male,Fashionable,Zara,290000,압구정점 (Seoul)
choi.soobin88@yahoo.com,23,Male,Fashionable,Louis Vuitton,210000,부산 센텀시티점 (Busan)
lee.donghae@daum.net,36,Male,Fashionable,Supreme,335000,강남점 (Seoul)
yuna.kim23@gmail.com,36,Female,Streetwear,Zara,365000,강남점 (Seoul)
minji.kim39@gmail.com,39,Male,Streetwear,Adidas,135000,수원역점 (Suwon)
minji.kim39@gmail.com,26,Female,Casual,Adidas,130000,롯데백화점 부산본점 (Busan)
jisoo-park@naver.com,55,Female,Streetwear,Nike,175000,롯데백화점 부산본점 (Busan)
seo_young_kim@kakao.com,50,Female,Streetwear,Adidas,295000,압구정점 (Seoul)
minji.kim39@gmail.com,46,Female,Luxury,Zara,495000,광주 충장로점 (Gwangju)
minho_lee45@outlook.com,59,Female,Luxury,H&M,140000,강남점 (Seoul)
yuna.kim23@gmail.com,50,Female,Luxury,Supreme,425000,강남점 (Seoul)
yuna.kim23@gmail.com,42,Male,Streetwear,Adidas,320000,부산 센텀시티점 (Busan)
hyesoo-p@naver.com,58,Female,Casual,Puma,115000,부산 센텀시티점 (Busan)
hyunwoo.choi@gmail.com,31,Female,Luxury,Nike,415000,신세계백화점 강남점 (Seoul)
minho_lee45@outlook.com,31,Female,Fashionable,Puma,105000,롯데백화점 명동점 (Seoul)
jisoo-park@naver.com,29,Male,Casual,H&M,345000,대구 동성로점 (Daegu)
jiwoo.jung_1985@naver.com,41,Female,Sportswear,Adidas,175000,롯데백화점 명동점 (Seoul)
seo_young_kim@kakao.com,45,Male,Fashionable,Gucci,210000,대구 동성로점 (Daegu)
yuna.kim23@gmail.com,18,Male,Sportswear,Adidas,275000,신세계백화점 강남점 (Seoul)
jisoo-park@naver.com,53,Male,Streetwear,Nike,270000,롯데백화점 명동점 (Seoul)
hyesoo-p@naver.com,20,Male,Luxury,H&M,120000,수원역점 (Suwon)
choi.soobin88@yahoo.com,34,Male,Luxury,H&M,330000,수원역점 (Suwon)
hyunwoo.choi@gmail.com,31,Female,Fashionable,Gucci,490000,수원역점 (Suwon)
jisoo-park@naver.com,53,Female,Sportswear,Puma,55000,롯데백화점 부산본점 (Busan)
yuna.kim23@gmail.com,56,Male,Luxury,Supreme,200000,롯데백화점 부산본점 (Busan)
yuna.kim23@gmail.com,24,Male,Luxury,Zara,110000,대전 은행동점 (Daejeon)
minho_lee45@outlook.com,50,Female,Sportswear,H&M,410000,대전 은행동점 (Daejeon)
minji.kim39@gmail.com,20,Male,Luxury,Gucci,220000,롯데백화점 부산본점 (Busan)
hyunwoo.choi@gmail.com,27,Female,Sportswear,Supreme,315000,롯데백화점 부산본점 (Busan)
minho_lee45@outlook.com,49,Female,Streetwear,H&M,75000,신세계백화점 강남점 (Seoul)
lee.donghae@daum.net,49,Female,Streetwear,Puma,180000,롯데백화점 명동점 (Seoul)
minji.kim39@gmail.com,55,Male,Casual,H&M,95000,신세계백화점 강남점 (Seoul)
hyunwoo.choi@gmail.com,27,Male,Streetwear,H&M,365000,강남점 (Seoul)
minji.kim39@gmail.com,26,Male,Luxury,Adidas,455000,대구 동성로점 (Daegu)
seo_young_kim@kakao.com,21,Male,Streetwear,Gucci,310000,대전 은행동점 (Daejeon)
hyunwoo.choi@gmail.com,23,Male,Casual,Adidas,500000,압구정점 (Seoul)
seo_young_kim@kakao.com,24,Female,Streetwear,Gucci,230000,대전 은행동점 (Daejeon)
minho_lee45@outlook.com,54,Female,Sportswear,Zara,325000,대구 동성로점 (Daegu)
hyunwoo.choi@gmail.com,48,Male,Luxury,Louis Vuitton,230000,광주 충장로점 (Gwangju)
yuna.kim23@gmail.com,30,Female,Fashionable,Gucci,485000,롯데백화점 명동점 (Seoul)
hyunwoo.choi@gmail.com,47,Female,Streetwear,Gucci,460000,광주 충장로점 (Gwangju)
minho_lee45@outlook.com,58,Female,Fashionable,Nike,355000,대구 동성로점 (Daegu)
lee.donghae@daum.net,59,Female,Streetwear,Louis Vuitton,80000,부산 센텀시티점 (Busan)
jiwoo.jung_1985@naver.com,38,Male,Sportswear,Zara,105000,신세계백화점 강남점 (Seoul)
seo_young_kim@kakao.com,27,Female,Sportswear,Gucci,415000,대구 동성로점 (Daegu)
choi.soobin88@yahoo.com,48,Female,Fashionable,Nike,205000,광주 충장로점 (Gwangju)
choi.soobin88@yahoo.com,45,Female,Sportswear,Louis Vuitton,165000,신세계백화점 강남점 (Seoul)
choi.soobin88@yahoo.com,59,Female,Casual,H&M,260000,신세계백화점 강남점 (Seoul)
yuna.kim23@gmail.com,49,Male,Fashionable,Gucci,140000,압구정점 (Seoul)
lee.donghae@daum.net,53,Male,Casual,H&M,365000,수원역점 (Suwon)
jiwoo.jung_1985@naver.com,32,Female,Sportswear,Adidas,100000,대구 동성로점 (Daegu)
hyesoo-p@naver.com,44,Male,Luxury,Supreme,335000,롯데백화점 명동점 (Seoul)
jiwoo.jung_1985@naver.com,54,Male,Sportswear,H&M,305000,수원역점 (Suwon)
hyesoo-p@naver.com,40,Female,Streetwear,Adidas,200000,압구정점 (Seoul)
jisoo-park@naver.com,47,Female,Streetwear,H&M,435000,부산 센텀시티점 (Busan)
seo_young_kim@kakao.com,32,Female,Streetwear,Adidas,395000,대전 은행동점 (Daejeon)
minji.kim39@gmail.com,28,Male,Luxury,Nike,445000,대구 동성로점 (Daegu)
lee.donghae@daum.net,40,Female,Fashionable,Zara,350000,광주 충장로점 (Gwangju)
minho_lee45@outlook.com,53,Male,Luxury,Zara,480000,광주 충장로점 (Gwangju)
choi.soobin88@yahoo.com,25,Female,Luxury,Puma,255000,수원역점 (Suwon)
hyesoo-p@naver.com,47,Male,Luxury,Supreme,490000,압구정점 (Seoul)
choi.soobin88@yahoo.com,51,Male,Fashionable,Adidas,150000,압구정점 (Seoul)
yuna.kim23@gmail.com,32,Male,Sportswear,Gucci,205000,롯데백화점 부산본점 (Busan)
yuna.kim23@gmail.com,58,Male,Sportswear,Adidas,285000,부산 센텀시티점 (Busan)
yuna.kim23@gmail.com,56,Female,Streetwear,Puma,310000,신세계백화점 강남점 (Seoul)
jiwoo.jung_1985@naver.com,42,Female,Sportswear,Adidas,145000,대전 은행동점 (Daejeon)
choi.soobin88@yahoo.com,46,Female,Fashionable,H&M,235000,압구정점 (Seoul)
hyesoo-p@naver.com,24,Male,Casual,Nike,185000,신세계백화점 강남점 (Seoul)
lee.donghae@daum.net,19,Male,Sportswear,Adidas,235000,롯데백화점 부산본점 (Busan)
jiwoo.jung_1985@naver.com,54,Female,Sportswear,Louis Vuitton,495000,대전 은행동점 (Daejeon)
choi.soobin88@yahoo.com,21,Female,Casual,Gucci,205000,강남점 (Seoul)
jiwoo.jung_1985@naver.com,25,Female,Sportswear,Nike,170000,수원역점 (Suwon)
hyunwoo.choi@gmail.com,27,Female,Streetwear,Gucci,370000,광주 충장로점 (Gwangju)
seo_young_kim@kakao.com,48,Female,Fashionable,H&M,135000,대전 은행동점 (Daejeon)
seo_young_kim@kakao.com,24,Female,Fashionable,Zara,185000,강남점 (Seoul)
jiwoo.jung_1985@naver.com,19,Male,Casual,Supreme,370000,강남점 (Seoul)
hyesoo-p@naver.com,34,Male,Fashionable,Supreme,320000,신세계백화점 강남점 (Seoul)
seo_young_kim@kakao.com,34,Male,Fashionable,Supreme,490000,강남점 (Seoul)
hyunwoo.choi@gmail.com,27,Male,Streetwear,H&M,355000,압구정점 (Seoul)
minji.kim39@gmail.com,52,Female,Streetwear,Supreme,270000,신세계백화점 강남점 (Seoul)
jiwoo.jung_1985@naver.com,20,Female,Sportswear,Gucci,140000,부산 센텀시티점 (Busan)
minji.kim39@gmail.com,35,Female,Fashionable,Zara,240000,대구 동성로점 (Daegu)
minji.kim39@gmail.com,57,Male,Sportswear,Supreme,295000,광주 충장로점 (Gwangju)
hyesoo-p@naver.com,28,Male,Casual,Louis Vuitton,135000,신세계백화점 강남점 (Seoul)
hyunwoo.choi@gmail.com,54,Female,Casual,Louis Vuitton,55000,대전 은행동점 (Daejeon)
jiwoo.jung_1985@naver.com,27,Female,Streetwear,Zara,400000,부산 센텀시티점 (Busan)
choi.soobin88@yahoo.com,48,Male,Luxury,Adidas,495000,부산 센텀시티점 (Busan)
jiwoo.jung_1985@naver.com,30,Male,Streetwear,Louis Vuitton,460000,롯데백화점 부산본점 (Busan)
yuna.kim23@gmail.com,43,Female,Casual,Gucci,235000,롯데백화점 명동점 (Seoul)
lee.donghae@daum.net,48,Female,Streetwear,Louis Vuitton,155000,압구정점 (Seoul)
yuna.kim23@gmail.com,39,Female,Fashionable,Nike,325000,강남점 (Seoul)
hyesoo-p@naver.com,38,Male,Streetwear,Adidas,395000,부산 센텀시티점 (Busan)
yuna.kim23@gmail.com,32,Female,Streetwear,Gucci,225000,대구 동성로점 (Daegu)
hyunwoo.choi@gmail.com,32,Male,Sportswear,Adidas,290000,부산 센텀시티점 (Busan)
jisoo-park@naver.com,52,Male,Casual,Adidas,340000,롯데백화점 명동점 (Seoul)
lee.donghae@daum.net,56,Female,Fashionable,Adidas,260000,광주 충장로점 (Gwangju)
choi.soobin88@yahoo.com,29,Female,Sportswear,Zara,280000,롯데백화점 부산본점 (Busan)
seo_young_kim@kakao.com,31,Male,Streetwear,Zara,315000,부산 센텀시티점 (Busan)
yuna.kim23@gmail.com,34,Female,Luxury,Zara,150000,압구정점 (Seoul)
yuna.kim23@gmail.com,24,Female,Sportswear,Zara,275000,부산 센텀시티점 (Busan)
seo_young_kim@kakao.com,24,Female,Casual,Louis Vuitton,470000,롯데백화점 부산본점 (Busan)
hyunwoo.choi@gmail.com,23,Male,Casual,Zara,205000,광주 충장로점 (Gwangju)
minji.kim39@gmail.com,42,Male,Sportswear,Louis Vuitton,110000,대전 은행동점 (Daejeon)
jiwoo.jung_1985@naver.com,31,Male,Streetwear,Puma,430000,롯데백화점 명동점 (Seoul)
jiwoo.jung_1985@naver.com,39,Female,Sportswear,Nike,330000,부산 센텀시티점 (Busan)
yuna.kim23@gmail.com,57,Male,Sportswear,Adidas,320000,롯데백화점 부산본점 (Busan)
lee.donghae@daum.net,42,Female,Casual,Adidas,180000,롯데백화점 부산본점 (Busan)
seo_young_kim@kakao.com,56,Male,Sportswear,H&M,200000,대전 은행동점 (Daejeon)
seo_young_kim@kakao.com,25,Male,Fashionable,Gucci,95000,부산 센텀시티점 (Busan)
hyesoo-p@naver.com,38,Female,Fashionable,Nike,190000,대전 은행동점 (Daejeon)
hyunwoo.choi@gmail.com,42,Male,Sportswear,H&M,80000,압구정점 (Seoul)
hyunwoo.choi@gmail.com,50,Female,Streetwear,Gucci,165000,압구정점 (Seoul)
minji.kim39@gmail.com,42,Male,Casual,Zara,340000,롯데백화점 부산본점 (Busan)
hyesoo-p@naver.com,48,Male,Fashionable,Gucci,145000,강남점 (Seoul)
minho_lee45@outlook.com,20,Male,Streetwear,Supreme,405000,부산 센텀시티점 (Busan)
minho_lee45@outlook.com,27,Male,Fashionable,Nike,65000,수원역점 (Suwon)
hyesoo-p@naver.com,45,Female,Streetwear,Puma,340000,롯데백화점 부산본점 (Busan)
seo_young_kim@kakao.com,30,Male,Casual,Louis Vuitton,110000,강남점 (Seoul)
choi.soobin88@yahoo.com,41,Male,Casual,Adidas,390000,대전 은행동점 (Daejeon)
lee.donghae@daum.net,42,Male,Casual,Zara,310000,수원역점 (Suwon)
lee.donghae@daum.net,52,Male,Fashionable,Puma,380000,롯데백화점 부산본점 (Busan)
hyesoo-p@naver.com,54,Male,Luxury,Gucci,80000,수원역점 (Suwon)
lee.donghae@daum.net,24,Male,Fashionable,Nike,440000,부산 센텀시티점 (Busan)
jisoo-park@naver.com,44,Male,Fashionable,Adidas,315000,대구 동성로점 (Daegu)
minho_lee45@outlook.com,59,Male,Casual,Zara,120000,대전 은행동점 (Daejeon)
minho_lee45@outlook.com,29,Female,Luxury,Gucci,160000,대전 은행동점 (Daejeon)
minho_lee45@outlook.com,33,Female,Fashionable,Zara,90000,대구 동성로점 (Daegu)
yuna.kim23@gmail.com,49,Female,Luxury,Louis Vuitton,245000,롯데백화점 명동점 (Seoul)
yuna.kim23@gmail.com,34,Male,Luxury,H&M,50000,대구 동성로점 (Daegu)
choi.soobin88@yahoo.com,56,Female,Sportswear,Louis Vuitton,495000,신세계백화점 강남점 (Seoul)
lee.donghae@daum.net,46,Male,Fashionable,Supreme,375000,광주 충장로점 (Gwangju)
hyesoo-p@naver.com,18,Female,Luxury,Supreme,275000,대구 동성로점 (Daegu)
yuna.kim23@gmail.com,26,Male,Sportswear,Nike,70000,롯데백화점 명동점 (Seoul)
minho_lee45@outlook.com,24,Male,Fashionable,H&M,170000,대구 동성로점 (Daegu)
minho_lee45@outlook.com,30,Female,Sportswear,H&M,115000,대구 동성로점 (Daegu)
minho_lee45@outlook.com,50,Female,Luxury,Nike,240000,신세계백화점 강남점 (Seoul)
hyunwoo.choi@gmail.com,32,Female,Streetwear,Adidas,300000,롯데백화점 명동점 (Seoul)
yuna.kim23@gmail.com,21,Female,Sportswear,Gucci,85000,수원역점 (Suwon)
jisoo-park@naver.com,24,Male,Sportswear,Louis Vuitton,205000,대구 동성로점 (Daegu)
jiwoo.jung_1985@naver.com,44,Male,Luxury,H&M,270000,광주 충장로점 (Gwangju)
jisoo-park@naver.com,22,Female,Fashionable,Puma,245000,롯데백화점 명동점 (Seoul)
seo_young_kim@kakao.com,40,Male,Streetwear,Louis Vuitton,475000,강남점 (Seoul)
seo_young_kim@kakao.com,46,Male,Fashionable,H&M,80000,압구정점 (Seoul)
hyunwoo.choi@gmail.com,45,Male,Casual,Puma,390000,대구 동성로점 (Daegu)
choi.soobin88@yahoo.com,18,Female,Streetwear,Puma,320000,신세계백화점 강남점 (Seoul)
minho_lee45@outlook.com,24,Female,Fashionable,Adidas,295000,대구 동성로점 (Daegu)
hyesoo-p@naver.com,21,Female,Sportswear,Nike,235000,부산 센텀시티점 (Busan)
hyunwoo.choi@gmail.com,47,Female,Streetwear,Louis Vuitton,140000,신세계백화점 강남점 (Seoul)
minji.kim39@gmail.com,48,Male,Casual,Adidas,240000,강남점 (Seoul)
jisoo-park@naver.com,57,Male,Casual,Louis Vuitton,445000,광주 충장로점 (Gwangju)
minji.kim39@gmail.com,42,Male,Sportswear,Louis Vuitton,190000,압구정점 (Seoul)
minho_lee45@outlook.com,22,Female,Luxury,Gucci,100000,롯데백화점 명동점 (Seoul)
jiwoo.jung_1985@naver.com,20,Male,Fashionable,Nike,455000,광주 충장로점 (Gwangju)
lee.donghae@daum.net,56,Male,Fashionable,Nike,370000,롯데백화점 명동점 (Seoul)
jisoo-park@naver.com,23,Female,Casual,Adidas,490000,부산 센텀시티점 (Busan)
hyesoo-p@naver.com,41,Female,Fashionable,Supreme,295000,신세계백화점 강남점 (Seoul)
hyesoo-p@naver.com,49,Male,Sportswear,Zara,300000,강남점 (Seoul)
jiwoo.jung_1985@naver.com,32,Female,Sportswear,Gucci,325000,롯데백화점 부산본점 (Busan)
minji.kim39@gmail.com,31,Male,Streetwear,Adidas,220000,광주 충장로점 (Gwangju)
yuna.kim23@gmail.com,57,Male,Sportswear,Supreme,210000,광주 충장로점 (Gwangju)
minho_lee45@outlook.com,27,Male,Luxury,Puma,80000,압구정점 (Seoul)
minho_lee45@outlook.com,33,Male,Sportswear,H&M,185000,롯데백화점 부산본점 (Busan)
jiwoo.jung_1985@naver.com,35,Male,Fashionable,Zara,275000,롯데백화점 명동점 (Seoul)
choi.soobin88@yahoo.com,59,Male,Casual,Zara,215000,수원역점 (Suwon)
choi.soobin88@yahoo.com,29,Female,Casual,Louis Vuitton,340000,부산 센텀시티점 (Busan)
jisoo-park@naver.com,52,Male,Sportswear,Zara,360000,신세계백화점 강남점 (Seoul)
minho_lee45@outlook.com,54,Female,Sportswear,Louis Vuitton,340000,롯데백화점 명동점 (Seoul)
yuna.kim23@gmail.com,20,Female,Sportswear,Supreme,80000,부산 센텀시티점 (Busan)
lee.donghae@daum.net,54,Male,Casual,Gucci,490000,롯데백화점 부산본점 (Busan)
minji.kim39@gmail.com,41,Female,Casual,Adidas,230000,롯데백화점 부산본점 (Busan)
yuna.kim23@gmail.com,39,Female,Casual,Zara,160000,광주 충장로점 (Gwangju)
minji.kim39@gmail.com,30,Male,Luxury,Louis Vuitton,340000,롯데백화점 부산본점 (Busan)
yuna.kim23@gmail.com,46,Male,Casual,Nike,395000,롯데백화점 명동점 (Seoul)
lee.donghae@daum.net,21,Female,Casual,Supreme,320000,광주 충장로점 (Gwangju)
minho_lee45@outlook.com,28,Male,Sportswear,Nike,245000,수원역점 (Suwon)
minji.kim39@gmail.com,37,Female,Luxury,Gucci,120000,롯데백화점 부산본점 (Busan)
hyunwoo.choi@gmail.com,50,Male,Fashionable,Puma,355000,강남점 (Seoul)
hyunwoo.choi@gmail.com,18,Female,Luxury,Adidas,135000,부산 센텀시티점 (Busan)
yuna.kim23@gmail.com,54,Male,Casual,Nike,460000,대구 동성로점 (Daegu)
minji.kim39@gmail.com,23,Male,Casual,Nike,390000,수원역점 (Suwon)
seo_young_kim@kakao.com,19,Male,Fashionable,Puma,115000,수원역점 (Suwon)
hyunwoo.choi@gmail.com,58,Female,Sportswear,Louis Vuitton,450000,압구정점 (Seoul)
choi.soobin88@yahoo.com,35,Male,Streetwear,Zara,160000,롯데백화점 부산본점 (Busan)
seo_young_kim@kakao.com,43,Female,Luxury,Puma,240000,신세계백화점 강남점 (Seoul)
jiwoo.jung_1985@naver.com,41,Male,Luxury,Adidas,330000,압구정점 (Seoul)
choi.soobin88@yahoo.com,18,Female,Streetwear,Zara,105000,롯데백화점 명동점 (Seoul)
jiwoo.jung_1985@naver.com,41,Male,Casual,H&M,120000,광주 충장로점 (Gwangju)
seo_young_kim@kakao.com,58,Male,Streetwear,Puma,445000,신세계백화점 강남점 (Seoul)
minji.kim39@gmail.com,49,Male,Casual,Zara,425000,대전 은행동점 (Daejeon)
minho_lee45@outlook.com,27,Female,Fashionable,Adidas,360000,압구정점 (Seoul)
minho_lee45@outlook.com,37,Female,Fashionable,Puma,95000,롯데백화점 부산본점 (Busan)
seo_young_kim@kakao.com,18,Female,Sportswear,Louis Vuitton,165000,대전 은행동점 (Daejeon)
hyunwoo.choi@gmail.com,32,Male,Sportswear,Supreme,325000,롯데백화점 부산본점 (Busan)
lee.donghae@daum.net,36,Female,Casual,Nike,255000,강남점 (Seoul)
choi.soobin88@yahoo.com,33,Female,Luxury,Louis Vuitton,260000,대전 은행동점 (Daejeon)
hyunwoo.choi@gmail.com,49,Male,Fashionable,Puma,440000,광주 충장로점 (Gwangju)
hyunwoo.choi@gmail.com,38,Male,Casual,H&M,455000,강남점 (Seoul)
minho_lee45@outlook.com,51,Male,Streetwear,Zara,255000,부산 센텀시티점 (Busan)
yuna.kim23@gmail.com,31,Female,Sportswear,Nike,365000,롯데백화점 명동점 (Seoul)
choi.soobin88@yahoo.com,33,Male,Luxury,Supreme,355000,수원역점 (Suwon)
choi.soobin88@yahoo.com,46,Female,Fashionable,Louis Vuitton,140000,신세계백화점 강남점 (Seoul)
minji.kim39@gmail.com,44,Female,Casual,H&M,400000,신세계백화점 강남점 (Seoul)
minji.kim39@gmail.com,28,Female,Casual,Nike,85000,강남점 (Seoul)
jiwoo.jung_1985@naver.com,38,Female,Luxury,Zara,470000,광주 충장로점 (Gwangju)
minji.kim39@gmail.com,57,Male,Fashionable,H&M,475000,압구정점 (Seoul)
yuna.kim23@gmail.com,48,Male,Casual,Louis Vuitton,200000,대구 동성로점 (Daegu)
minho_lee45@outlook.com,27,Female,Streetwear,Zara,170000,대전 은행동점 (Daejeon)
hyesoo-p@naver.com,53,Male,Casual,Puma,390000,신세계백화점 강남점 (Seoul)
minji.kim39@gmail.com,43,Female,Streetwear,Gucci,85000,대전 은행동점 (Daejeon)
minji.kim39@gmail.com,18,Female,Sportswear,Adidas,325000,대전 은행동점 (Daejeon)
minho_lee45@outlook.com,37,Female,Fashionable,Zara,195000,신세계백화점 강남점 (Seoul)
yuna.kim23@gmail.com,22,Male,Casual,Gucci,140000,대구 동성로점 (Daegu)
choi.soobin88@yahoo.com,55,Female,Luxury,Puma,365000,강남점 (Seoul)
jiwoo.jung_1985@naver.com,25,Female,Fashionable,Adidas,210000,신세계백화점 강남점 (Seoul)
jiwoo.jung_1985@naver.com,19,Female,Casual,Adidas,365000,광주 충장로점 (Gwangju)
minho_lee45@outlook.com,48,Male,Streetwear,Zara,130000,신세계백화점 강남점 (Seoul)
minji.kim39@gmail.com,53,Male,Casual,Zara,175000,롯데백화점 명동점 (Seoul)
lee.donghae@daum.net,20,Female,Fashionable,Adidas,405000,대전 은행동점 (Daejeon)
hyesoo-p@naver.com,31,Female,Luxury,Supreme,330000,수원역점 (Suwon)
jisoo-park@naver.com,47,Male,Fashionable,Gucci,435000,광주 충장로점 (Gwangju)
minji.kim39@gmail.com,48,Female,Streetwear,Zara,135000,롯데백화점 부산본점 (Busan)
jisoo-park@naver.com,23,Female,Sportswear,Supreme,310000,수원역점 (Suwon)
jisoo-park@naver.com,21,Female,Streetwear,H&M,280000,대전 은행동점 (Daejeon)
yuna.kim23@gmail.com,37,Female,Sportswear,Supreme,110000,압구정점 (Seoul)
hyesoo-p@naver.com,40,Female,Fashionable,Zara,55000,강남점 (Seoul)
hyesoo-p@naver.com,59,Male,Casual,Zara,50000,대구 동성로점 (Daegu)
jiwoo.jung_1985@naver.com,58,Male,Fashionable,Puma,460000,대전 은행동점 (Daejeon)
yuna.kim23@gmail.com,21,Female,Fashionable,Puma,465000,압구정점 (Seoul)
hyunwoo.choi@gmail.com,47,Female,Casual,Zara,130000,대전 은행동점 (Daejeon)
jisoo-park@naver.com,42,Male,Luxury,Zara,380000,부산 센텀시티점 (Busan)
choi.soobin88@yahoo.com,33,Male,Luxury,Zara,250000,대구 동성로점 (Daegu)
jisoo-park@naver.com,20,Male,Casual,Zara,115000,압구정점 (Seoul)
hyunwoo.choi@gmail.com,56,Male,Sportswear,Nike,150000,수원역점 (Suwon)
jiwoo.jung_1985@naver.com,37,Female,Streetwear,H&M,335000,대전 은행동점 (Daejeon)
lee.donghae@daum.net,35,Female,Streetwear,Louis Vuitton,80000,부산 센텀시티점 (Busan)
hyesoo-p@naver.com,45,Female,Fashionable,Supreme,405000,압구정점 (Seoul)
seo_young_kim@kakao.com,21,Male,Streetwear,Louis Vuitton,280000,대구 동성로점 (Daegu)
seo_young_kim@kakao.com,58,Female,Fashionable,Zara,445000,부산 센텀시티점 (Busan)
jisoo-park@naver.com,59,Male,Sportswear,Puma,485000,광주 충장로점 (Gwangju)
lee.donghae@daum.net,55,Male,Streetwear,H&M,215000,부산 센텀시티점 (Busan)
seo_young_kim@kakao.com,27,Male,Sportswear,Nike,335000,광주 충장로점 (Gwangju)
hyunwoo.choi@gmail.com,46,Female,Sportswear,Supreme,475000,롯데백화점 명동점 (Seoul)
yuna.kim23@gmail.com,54,Female,Fashionable,Louis Vuitton,150000,부산 센텀시티점 (Busan)
jisoo-park@naver.com,50,Female,Luxury,Zara,245000,대구 동성로점 (Daegu)
yuna.kim23@gmail.com,26,Female,Luxury,H&M,370000,수원역점 (Suwon)
yuna.kim23@gmail.com,57,Male,Casual,Louis Vuitton,425000,부산 센텀시티점 (Busan)
hyunwoo.choi@gmail.com,55,Male,Fashionable,Gucci,75000,압구정점 (Seoul)
jiwoo.jung_1985@naver.com,19,Female,Sportswear,Supreme,475000,롯데백화점 명동점 (Seoul)
lee.donghae@daum.net,38,Male,Casual,Louis Vuitton,445000,신세계백화점 강남점 (Seoul)
hyunwoo.choi@gmail.com,54,Female,Casual,Puma,105000,롯데백화점 명동점 (Seoul)
seo_young_kim@kakao.com,20,Female,Sportswear,Louis Vuitton,60000,부산 센텀시티점 (Busan)
jisoo-park@naver.com,35,Female,Sportswear,Gucci,160000,강남점 (Seoul)
hyesoo-p@naver.com,28,Male,Sportswear,H&M,85000,신세계백화점 강남점 (Seoul)
minji.kim39@gmail.com,21,Male,Fashionable,Louis Vuitton,80000,부산 센텀시티점 (Busan)
seo_young_kim@kakao.com,40,Female,Casual,Supreme,435000,광주 충장로점 (Gwangju)
choi.soobin88@yahoo.com,22,Female,Casual,Zara,170000,대전 은행동점 (Daejeon)
minho_lee45@outlook.com,53,Male,Luxury,Gucci,385000,대전 은행동점 (Daejeon)
minji.kim39@gmail.com,44,Male,Streetwear,Puma,435000,강남점 (Seoul)
choi.soobin88@yahoo.com,24,Female,Luxury,Zara,175000,압구정점 (Seoul)
choi.soobin88@yahoo.com,21,Female,Streetwear,Puma,425000,부산 센텀시티점 (Busan)
yuna.kim23@gmail.com,46,Male,Sportswear,Louis Vuitton,340000,부산 센텀시티점 (Busan)
minji.kim39@gmail.com,34,Female,Luxury,Nike,475000,압구정점 (Seoul)
minji.kim39@gmail.com,48,Female,Luxury,Louis Vuitton,385000,강남점 (Seoul)
choi.soobin88@yahoo.com,43,Male,Streetwear,Adidas,50000,광주 충장로점 (Gwangju)
jiwoo.jung_1985@naver.com,45,Male,Casual,H&M,55000,대구 동성로점 (Daegu)
hyunwoo.choi@gmail.com,25,Male,Sportswear,Supreme,330000,대전 은행동점 (Daejeon)
seo_young_kim@kakao.com,37,Male,Casual,Zara,345000,롯데백화점 부산본점 (Busan)
lee.donghae@daum.net,26,Male,Casual,Puma,235000,부산 센텀시티점 (Busan)
seo_young_kim@kakao.com,30,Male,Sportswear,Louis Vuitton,305000,대전 은행동점 (Daejeon)
minho_lee45@outlook.com,56,Female,Sportswear,H&M,320000,강남점 (Seoul)
jisoo-park@naver.com,30,Female,Streetwear,Louis Vuitton,135000,압구정점 (Seoul)
yuna.kim23@gmail.com,39,Male,Fashionable,Zara,185000,롯데백화점 명동점 (Seoul)
lee.donghae@daum.net,55,Female,Fashionable,Puma,415000,수원역점 (Suwon)
hyunwoo.choi@gmail.com,54,Male,Sportswear,Gucci,115000,강남점 (Seoul)
hyesoo-p@naver.com,36,Male,Streetwear,Gucci,220000,신세계백화점 강남점 (Seoul)
hyunwoo.choi@gmail.com,57,Female,Luxury,Gucci,165000,대구 동성로점 (Daegu)
choi.soobin88@yahoo.com,37,Male,Casual,Zara,130000,광주 충장로점 (Gwangju)
lee.donghae@daum.net,47,Female,Luxury,Puma,315000,광주 충장로점 (Gwangju)
minji.kim39@gmail.com,51,Male,Casual,Nike,210000,부산 센텀시티점 (Busan)
jisoo-park@naver.com,32,Female,Fashionable,Nike,85000,광주 충장로점 (Gwangju)
jisoo-park@naver.com,54,Male,Streetwear,Zara,210000,수원역점 (Suwon)
minji.kim39@gmail.com,30,Female,Fashionable,H&M,230000,신세계백화점 강남점 (Seoul)
seo_young_kim@kakao.com,36,Female,Streetwear,Louis Vuitton,170000,압구정점 (Seoul)
jiwoo.jung_1985@naver.com,55,Female,Sportswear,Adidas,425000,대구 동성로점 (Daegu)
minji.kim39@gmail.com,37,Female,Luxury,Zara,315000,신세계백화점 강남점 (Seoul)
yuna.kim23@gmail.com,32,Female,Fashionable,Gucci,230000,대구 동성로점 (Daegu)
yuna.kim23@gmail.com,53,Male,Casual,Puma,260000,롯데백화점 부산본점 (Busan)
yuna.kim23@gmail.com,19,Female,Casual,Nike,490000,수원역점 (Suwon)
lee.donghae@daum.net,27,Male,Luxury,H&M,55000,수원역점 (Suwon)
lee.donghae@daum.net,46,Female,Casual,Gucci,60000,부산 센텀시티점 (Busan)
seo_young_kim@kakao.com,42,Female,Casual,Zara,310000,대구 동성로점 (Daegu)
jisoo-park@naver.com,38,Male,Streetwear,Nike,160000,대구 동성로점 (Daegu)
choi.soobin88@yahoo.com,48,Female,Streetwear,Nike,445000,강남점 (Seoul)
choi.soobin88@yahoo.com,53,Female,Sportswear,Zara,420000,롯데백화점 명동점 (Seoul)
jisoo-park@naver.com,23,Male,Sportswear,Zara,185000,강남점 (Seoul)
hyesoo-p@naver.com,26,Male,Fashionable,Supreme,245000,신세계백화점 강남점 (Seoul)
choi.soobin88@yahoo.com,38,Female,Sportswear,Nike,360000,광주 충장로점 (Gwangju)
hyunwoo.choi@gmail.com,31,Male,Casual,Zara,365000,신세계백화점 강남점 (Seoul)
choi.soobin88@yahoo.com,49,Male,Streetwear,Nike,265000,대구 동성로점 (Daegu)
yuna.kim23@gmail.com,29,Female,Streetwear,Supreme,125000,강남점 (Seoul)
minho_lee45@outlook.com,32,Male,Streetwear,H&M,415000,수원역점 (Suwon)
choi.soobin88@yahoo.com,57,Female,Fashionable,Adidas,335000,롯데백화점 명동점 (Seoul)
yuna.kim23@gmail.com,38,Female,Fashionable,Nike,345000,부산 센텀시티점 (Busan)
yuna.kim23@gmail.com,39,Male,Sportswear,H&M,435000,신세계백화점 강남점 (Seoul)
lee.donghae@daum.net,45,Male,Casual,Gucci,255000,광주 충장로점 (Gwangju)
jisoo-park@naver.com,34,Male,Streetwear,Gucci,60000,부산 센텀시티점 (Busan)
minji.kim39@gmail.com,48,Female,Luxury,Puma,490000,압구정점 (Seoul)
minji.kim39@gmail.com,22,Male,Streetwear,Louis Vuitton,145000,부산 센텀시티점 (Busan)
jisoo-park@naver.com,18,Male,Streetwear,Puma,500000,광주 충장로점 (Gwangju)
hyesoo-p@naver.com,59,Male,Luxury,Puma,490000,광주 충장로점 (Gwangju)
lee.donghae@daum.net,31,Female,Sportswear,Supreme,465000,대구 동성로점 (Daegu)
jiwoo.jung_1985@naver.com,56,Male,Fashionable,H&M,500000,대구 동성로점 (Daegu)
hyunwoo.choi@gmail.com,28,Female,Fashionable,Nike,400000,대전 은행동점 (Daejeon)
yuna.kim23@gmail.com,45,Male,Luxury,Zara,325000,압구정점 (Seoul)
yuna.kim23@gmail.com,50,Female,Casual,Gucci,155000,부산 센텀시티점 (Busan)
hyunwoo.choi@gmail.com,19,Male,Casual,Puma,490000,대구 동성로점 (Daegu)
minho_lee45@outlook.com,50,Female,Streetwear,Adidas,420000,압구정점 (Seoul)
minho_lee45@outlook.com,36,Male,Sportswear,Louis Vuitton,495000,신세계백화점 강남점 (Seoul)
hyesoo-p@naver.com,31,Female,Luxury,H&M,215000,수원역점 (Suwon)
hyesoo-p@naver.com,41,Male,Luxury,Nike,220000,대구 동성로점 (Daegu)
hyunwoo.choi@gmail.com,48,Female,Streetwear,Supreme,410000,대전 은행동점 (Daejeon)
jiwoo.jung_1985@naver.com,20,Female,Sportswear,Louis Vuitton,465000,대전 은행동점 (Daejeon)
minji.kim39@gmail.com,20,Female,Casual,Supreme,285000,롯데백화점 부산본점 (Busan)
minji.kim39@gmail.com,47,Female,Casual,Adidas,200000,롯데백화점 명동점 (Seoul)
hyesoo-p@naver.com,25,Male,Fashionable,Gucci,440000,부산 센텀시티점 (Busan)
lee.donghae@daum.net,49,Female,Streetwear,Adidas,255000,압구정점 (Seoul)
hyesoo-p@naver.com,25,Male,Fashionable,Zara,65000,수원역점 (Suwon)
yuna.kim23@gmail.com,56,Male,Streetwear,Adidas,455000,광주 충장로점 (Gwangju)
hyesoo-p@naver.com,44,Male,Streetwear,Louis Vuitton,225000,광주 충장로점 (Gwangju)
minho_lee45@outlook.com,18,Male,Casual,Nike,50000,강남점 (Seoul)
lee.donghae@daum.net,50,Female,Luxury,H&M,300000,롯데백화점 명동점 (Seoul)
minji.kim39@gmail.com,51,Female,Casual,Puma,195000,롯데백화점 명동점 (Seoul)
hyesoo-p@naver.com,27,Female,Streetwear,Supreme,310000,신세계백화점 강남점 (Seoul)
yuna.kim23@gmail.com,34,Male,Fashionable,Louis Vuitton,50000,신세계백화점 강남점 (Seoul)
hyesoo-p@naver.com,50,Female,Fashionable,Adidas,285000,롯데백화점 명동점 (Seoul)
yuna.kim23@gmail.com,18,Male,Sportswear,Adidas,370000,압구정점 (Seoul)
lee.donghae@daum.net,19,Female,Fashionable,Supreme,415000,부산 센텀시티점 (Busan)
minji.kim39@gmail.com,59,Male,Streetwear,Nike,340000,롯데백화점 부산본점 (Busan)
seo_young_kim@kakao.com,37,Female,Casual,Supreme,380000,압구정점 (Seoul)
lee.donghae@daum.net,22,Female,Fashionable,H&M,270000,롯데백화점 명동점 (Seoul)
jiwoo.jung_1985@naver.com,54,Male,Streetwear,Louis Vuitton,245000,수원역점 (Suwon)
hyunwoo.choi@gmail.com,43,Female,Sportswear,Gucci,215000,부산 센텀시티점 (Busan)
jiwoo.jung_1985@naver.com,59,Female,Streetwear,Nike,160000,수원역점 (Suwon)
jiwoo.jung_1985@naver.com,38,Female,Sportswear,Supreme,215000,부산 센텀시티점 (Busan)
jiwoo.jung_1985@naver.com,43,Female,Fashionable,Louis Vuitton,245000,대구 동성로점 (Daegu)
hyunwoo.choi@gmail.com,54,Female,Streetwear,Adidas,245000,대전 은행동점 (Daejeon)
minho_lee45@outlook.com,45,Male,Luxury,Zara,85000,대구 동성로점 (Daegu)
seo_young_kim@kakao.com,19,Male,Streetwear,Nike,370000,신세계백화점 강남점 (Seoul)
hyunwoo.choi@gmail.com,56,Male,Streetwear,Gucci,175000,대구 동성로점 (Daegu)
choi.soobin88@yahoo.com,42,Male,Luxury,Zara,315000,압구정점 (Seoul)
hyesoo-p@naver.com,40,Female,Luxury,Nike,490000,광주 충장로점 (Gwangju)
lee.donghae@daum.net,54,Female,Casual,Supreme,160000,강남점 (Seoul)
hyunwoo.choi@gmail.com,57,Female,Sportswear,Gucci,375000,압구정점 (Seoul)
jisoo-park@naver.com,51,Female,Sportswear,Louis Vuitton,315000,광주 충장로점 (Gwangju)
yuna.kim23@gmail.com,29,Male,Fashionable,Zara,260000,강남점 (Seoul)
hyunwoo.choi@gmail.com,19,Male,Fashionable,Zara,270000,압구정점 (Seoul)
minho_lee45@outlook.com,28,Female,Luxury,Adidas,410000,수원역점 (Suwon)
seo_young_kim@kakao.com,26,Male,Casual,Puma,305000,대구 동성로점 (Daegu)
minji.kim39@gmail.com,44,Female,Sportswear,Puma,340000,광주 충장로점 (Gwangju)
jisoo-park@naver.com,52,Female,Streetwear,H&M,495000,대구 동성로점 (Daegu)
hyunwoo.choi@gmail.com,21,Male,Streetwear,H&M,375000,롯데백화점 부산본점 (Busan)
yuna.kim23@gmail.com,35,Male,Streetwear,Puma,415000,강남점 (Seoul)
jiwoo.jung_1985@naver.com,26,Male,Luxury,Supreme,335000,강남점 (Seoul)
jisoo-park@naver.com,50,Female,Casual,Louis Vuitton,405000,롯데백화점 명동점 (Seoul)
minji.kim39@gmail.com,41,Female,Luxury,Adidas,470000,대전 은행동점 (Daejeon)
minho_lee45@outlook.com,27,Female,Luxury,Gucci,160000,압구정점 (Seoul)
seo_young_kim@kakao.com,50,Female,Casual,Louis Vuitton,205000,광주 충장로점 (Gwangju)
jisoo-park@naver.com,44,Female,Luxury,Nike,100000,강남점 (Seoul)
jiwoo.jung_1985@naver.com,19,Female,Casual,Gucci,350000,대구 동성로점 (Daegu)
hyunwoo.choi@gmail.com,51,Male,Luxury,Gucci,255000,대전 은행동점 (Daejeon)
yuna.kim23@gmail.com,36,Female,Streetwear,Supreme,100000,대전 은행동점 (Daejeon)
yuna.kim23@gmail.com,30,Male,Fashionable,Zara,100000,롯데백화점 명동점 (Seoul)
lee.donghae@daum.net,20,Female,Casual,Puma,495000,광주 충장로점 (Gwangju)
jisoo-park@naver.com,49,Female,Luxury,Gucci,250000,강남점 (Seoul)
minho_lee45@outlook.com,42,Female,Streetwear,Puma,340000,부산 센텀시티점 (Busan)
choi.soobin88@yahoo.com,21,Male,Streetwear,Zara,245000,수원역점 (Suwon)
jiwoo.jung_1985@naver.com,46,Female,Sportswear,Supreme,80000,대전 은행동점 (Daejeon)
jisoo-park@naver.com,35,Male,Streetwear,H&M,140000,대구 동성로점 (Daegu)
choi.soobin88@yahoo.com,54,Male,Sportswear,Nike,275000,광주 충장로점 (Gwangju)
lee.donghae@daum.net,52,Female,Sportswear,Puma,445000,광주 충장로점 (Gwangju)
jisoo-park@naver.com,46,Male,Sportswear,Louis Vuitton,245000,강남점 (Seoul)
seo_young_kim@kakao.com,59,Male,Casual,Zara,130000,광주 충장로점 (Gwangju)
seo_young_kim@kakao.com,43,Female,Luxury,Zara,410000,롯데백화점 명동점 (Seoul)
lee.donghae@daum.net,49,Female,Sportswear,Gucci,260000,신세계백화점 강남점 (Seoul)
jisoo-park@naver.com,20,Male,Fashionable,Louis Vuitton,470000,강남점 (Seoul)
seo_young_kim@kakao.com,37,Male,Casual,Zara,95000,신세계백화점 강남점 (Seoul)
minho_lee45@outlook.com,50,Male,Sportswear,Puma,100000,강남점 (Seoul)
hyunwoo.choi@gmail.com,19,Female,Casual,Puma,55000,대전 은행동점 (Daejeon)
jisoo-park@naver.com,39,Female,Luxury,Supreme,465000,롯데백화점 부산본점 (Busan)
hyesoo-p@naver.com,57,Female,Luxury,Louis Vuitton,470000,롯데백화점 명동점 (Seoul)
hyesoo-p@naver.com,48,Male,Luxury,Nike,130000,신세계백화점 강남점 (Seoul)
choi.soobin88@yahoo.com,54,Male,Sportswear,Supreme,410000,신세계백화점 강남점 (Seoul)
hyesoo-p@naver.com,35,Male,Fashionable,H&M,170000,강남점 (Seoul)
hyunwoo.choi@gmail.com,32,Male,Sportswear,Zara,175000,롯데백화점 부산본점 (Busan)
hyesoo-p@naver.com,33,Female,Luxury,Nike,360000,수원역점 (Suwon)
jiwoo.jung_1985@naver.com,40,Female,Luxury,Nike,190000,대전 은행동점 (Daejeon)
lee.donghae@daum.net,21,Male,Fashionable,Gucci,170000,강남점 (Seoul)
hyunwoo.choi@gmail.com,49,Female,Casual,Adidas,445000,강남점 (Seoul)
hyunwoo.choi@gmail.com,35,Male,Fashionable,Puma,340000,롯데백화점 부산본점 (Busan)
minji.kim39@gmail.com,44,Female,Streetwear,Zara,390000,압구정점 (Seoul)
minho_lee45@outlook.com,33,Female,Fashionable,Puma,320000,롯데백화점 명동점 (Seoul)
hyesoo-p@naver.com,58,Male,Luxury,Nike,375000,대구 동성로점 (Daegu)
jisoo-park@naver.com,55,Female,Casual,Louis Vuitton,330000,압구정점 (Seoul)
hyunwoo.choi@gmail.com,31,Male,Casual,Louis Vuitton,95000,롯데백화점 명동점 (Seoul)
yuna.kim23@gmail.com,47,Female,Casual,Gucci,290000,롯데백화점 부산본점 (Busan)
minji.kim39@gmail.com,33,Male,Sportswear,Louis Vuitton,265000,강남점 (Seoul)
seo_young_kim@kakao.com,41,Female,Fashionable,Zara,475000,강남점 (Seoul)
choi.soobin88@yahoo.com,29,Female,Luxury,H&M,380000,대전 은행동점 (Daejeon)
choi.soobin88@yahoo.com,44,Female,Fashionable,Louis Vuitton,270000,수원역점 (Suwon)
jisoo-park@naver.com,20,Female,Casual,H&M,50000,수원역점 (Suwon)
lee.donghae@daum.net,46,Female,Luxury,Nike,130000,대구 동성로점 (Daegu)
yuna.kim23@gmail.com,56,Female,Streetwear,Zara,65000,대구 동성로점 (Daegu)
yuna.kim23@gmail.com,58,Female,Streetwear,Supreme,355000,대구 동성로점 (Daegu)
choi.soobin88@yahoo.com,43,Male,Fashionable,Supreme,90000,강남점 (Seoul)
choi.soobin88@yahoo.com,46,Female,Fashionable,Louis Vuitton,450000,대구 동성로점 (Daegu)
minho_lee45@outlook.com,34,Female,Casual,Adidas,60000,대구 동성로점 (Daegu)
hyesoo-p@naver.com,27,Female,Casual,Nike,330000,광주 충장로점 (Gwangju)
yuna.kim23@gmail.com,43,Male,Luxury,Adidas,420000,대구 동성로점 (Daegu)
hyesoo-p@naver.com,36,Female,Luxury,Nike,480000,롯데백화점 명동점 (Seoul)
lee.donghae@daum.net,46,Male,Luxury,Puma,480000,대구 동성로점 (Daegu)
yuna.kim23@gmail.com,58,Female,Streetwear,Supreme,440000,대전 은행동점 (Daejeon)
hyunwoo.choi@gmail.com,43,Male,Fashionable,Supreme,300000,광주 충장로점 (Gwangju)
lee.donghae@daum.net,59,Male,Sportswear,Gucci,300000,압구정점 (Seoul)
lee.donghae@daum.net,37,Male,Sportswear,Gucci,130000,대전 은행동점 (Daejeon)
jisoo-park@naver.com,20,Female,Casual,Adidas,65000,강남점 (Seoul)
seo_young_kim@kakao.com,43,Female,Streetwear,H&M,370000,신세계백화점 강남점 (Seoul)
hyesoo-p@naver.com,26,Female,Casual,Nike,240000,롯데백화점 부산본점 (Busan)
choi.soobin88@yahoo.com,55,Female,Casual,Gucci,95000,롯데백화점 부산본점 (Busan)
jisoo-park@naver.com,48,Male,Streetwear,Adidas,425000,수원역점 (Suwon)
lee.donghae@daum.net,25,Male,Streetwear,Puma,180000,부산 센텀시티점 (Busan)
choi.soobin88@yahoo.com,40,Female,Luxury,Louis Vuitton,385000,부산 센텀시티점 (Busan)
seo_young_kim@kakao.com,58,Male,Fashionable,Puma,280000,롯데백화점 명동점 (Seoul)
jisoo-park@naver.com,18,Female,Streetwear,Adidas,465000,수원역점 (Suwon)
jisoo-park@naver.com,29,Female,Streetwear,Gucci,400000,부산 센텀시티점 (Busan)
jisoo-park@naver.com,57,Female,Fashionable,Gucci,280000,대구 동성로점 (Daegu)
jiwoo.jung_1985@naver.com,36,Male,Fashionable,Zara,390000,롯데백화점 명동점 (Seoul)
minho_lee45@outlook.com,34,Male,Luxury,H&M,145000,수원역점 (Suwon)
lee.donghae@daum.net,29,Female,Casual,Zara,480000,대구 동성로점 (Daegu)
seo_young_kim@kakao.com,48,Male,Luxury,Louis Vuitton,165000,대전 은행동점 (Daejeon)
seo_young_kim@kakao.com,18,Female,Luxury,Zara,285000,롯데백화점 부산본점 (Busan)
choi.soobin88@yahoo.com,24,Female,Sportswear,Adidas,450000,롯데백화점 부산본점 (Busan)
jisoo-park@naver.com,27,Female,Sportswear,Gucci,455000,대전 은행동점 (Daejeon)
lee.donghae@daum.net,49,Female,Streetwear,Supreme,440000,롯데백화점 명동점 (Seoul)
lee.donghae@daum.net,35,Male,Fashionable,Nike,165000,압구정점 (Seoul)
jiwoo.jung_1985@naver.com,34,Male,Sportswear,Zara,265000,롯데백화점 부산본점 (Busan)
hyesoo-p@naver.com,39,Female,Luxury,Supreme,100000,부산 센텀시티점 (Busan)
hyunwoo.choi@gmail.com,36,Male,Casual,Louis Vuitton,190000,롯데백화점 명동점 (Seoul)
hyunwoo.choi@gmail.com,18,Female,Luxury,Nike,260000,롯데백화점 부산본점 (Busan)
jiwoo.jung_1985@naver.com,52,Female,Streetwear,Gucci,370000,수원역점 (Suwon)
hyesoo-p@naver.com,53,Female,Streetwear,Nike,195000,광주 충장로점 (Gwangju)
minho_lee45@outlook.com,46,Female,Casual,Supreme,320000,롯데백화점 부산본점 (Busan)
lee.donghae@daum.net,36,Male,Fashionable,Puma,170000,압구정점 (Seoul)
seo_young_kim@kakao.com,48,Female,Sportswear,Supreme,390000,롯데백화점 부산본점 (Busan)
minji.kim39@gmail.com,50,Male,Luxury,Zara,415000,광주 충장로점 (Gwangju)
hyesoo-p@naver.com,51,Male,Streetwear,Adidas,265000,대구 동성로점 (Daegu)
minho_lee45@outlook.com,32,Male,Fashionable,Nike,170000,부산 센텀시티점 (Busan)
seo_young_kim@kakao.com,21,Female,Sportswear,Puma,480000,수원역점 (Suwon)
hyunwoo.choi@gmail.com,27,Female,Luxury,Gucci,325000,대구 동성로점 (Daegu)
lee.donghae@daum.net,36,Male,Streetwear,Louis Vuitton,235000,강남점 (Seoul)
lee.donghae@daum.net,37,Female,Casual,Supreme,175000,대구 동성로점 (Daegu)
minji.kim39@gmail.com,26,Female,Fashionable,Zara,475000,광주 충장로점 (Gwangju)
choi.soobin88@yahoo.com,42,Male,Sportswear,Louis Vuitton,475000,대구 동성로점 (Daegu)
hyesoo-p@naver.com,28,Female,Fashionable,Adidas,280000,롯데백화점 부산본점 (Busan)
jisoo-park@naver.com,50,Female,Streetwear,Adidas,75000,강남점 (Seoul)
jisoo-park@naver.com,36,Female,Casual,Zara,345000,수원역점 (Suwon)
yuna.kim23@gmail.com,54,Male,Casual,Adidas,395000,신세계백화점 강남점 (Seoul)
hyunwoo.choi@gmail.com,40,Male,Fashionable,Puma,60000,롯데백화점 명동점 (Seoul)
yuna.kim23@gmail.com,27,Female,Sportswear,Zara,260000,부산 센텀시티점 (Busan)
jisoo-park@naver.com,21,Female,Streetwear,Zara,275000,롯데백화점 부산본점 (Busan)
hyunwoo.choi@gmail.com,25,Female,Fashionable,Puma,85000,롯데백화점 부산본점 (Busan)
lee.donghae@daum.net,22,Male,Luxury,Louis Vuitton,500000,광주 충장로점 (Gwangju)
jiwoo.jung_1985@naver.com,30,Male,Casual,Nike,365000,압구정점 (Seoul)
yuna.kim23@gmail.com,59,Male,Luxury,Gucci,50000,부산 센텀시티점 (Busan)
choi.soobin88@yahoo.com,42,Female,Streetwear,Nike,60000,부산 센텀시티점 (Busan)
hyunwoo.choi@gmail.com,21,Female,Sportswear,H&M,470000,롯데백화점 부산본점 (Busan)
choi.soobin88@yahoo.com,36,Male,Casual,Gucci,365000,압구정점 (Seoul)
seo_young_kim@kakao.com,44,Female,Streetwear,Nike,75000,압구정점 (Seoul)
seo_young_kim@kakao.com,24,Male,Casual,Supreme,215000,부산 센텀시티점 (Busan)
hyunwoo.choi@gmail.com,43,Female,Luxury,H&M,100000,압구정점 (Seoul)
hyesoo-p@naver.com,27,Male,Fashionable,Louis Vuitton,325000,롯데백화점 부산본점 (Busan)
jisoo-park@naver.com,33,Female,Fashionable,H&M,280000,대전 은행동점 (Daejeon)
jisoo-park@naver.com,54,Male,Sportswear,H&M,220000,롯데백화점 명동점 (Seoul)
lee.donghae@daum.net,37,Male,Fashionable,Nike,140000,대구 동성로점 (Daegu)
seo_young_kim@kakao.com,38,Male,Streetwear,Puma,240000,수원역점 (Suwon)
minho_lee45@outlook.com,25,Male,Luxury,Adidas,130000,대전 은행동점 (Daejeon)
hyesoo-p@naver.com,33,Male,Casual,Zara,335000,광주 충장로점 (Gwangju)
minji.kim39@gmail.com,37,Female,Casual,Puma,190000,부산 센텀시티점 (Busan)
hyunwoo.choi@gmail.com,51,Female,Luxury,Adidas,85000,신세계백화점 강남점 (Seoul)
lee.donghae@daum.net,27,Female,Luxury,Puma,490000,대구 동성로점 (Daegu)
jisoo-park@naver.com,34,Male,Fashionable,Puma,295000,압구정점 (Seoul)
hyesoo-p@naver.com,18,Male,Streetwear,Louis Vuitton,495000,대전 은행동점 (Daejeon)
minho_lee45@outlook.com,59,Female,Luxury,Adidas,335000,대구 동성로점 (Daegu)
hyunwoo.choi@gmail.com,33,Female,Sportswear,Supreme,165000,대구 동성로점 (Daegu)
choi.soobin88@yahoo.com,20,Female,Fashionable,Supreme,120000,압구정점 (Seoul)
seo_young_kim@kakao.com,47,Female,Sportswear,Adidas,320000,부산 센텀시티점 (Busan)
yuna.kim23@gmail.com,50,Male,Streetwear,Louis Vuitton,135000,대전 은행동점 (Daejeon)
yuna.kim23@gmail.com,23,Female,Sportswear,Zara,410000,부산 센텀시티점 (Busan)
choi.soobin88@yahoo.com,59,Female,Fashionable,Gucci,325000,부산 센텀시티점 (Busan)
yuna.kim23@gmail.com,40,Female,Luxury,Louis Vuitton,60000,대전 은행동점 (Daejeon)
seo_young_kim@kakao.com,23,Female,Streetwear,Louis Vuitton,365000,롯데백화점 부산본점 (Busan)
hyesoo-p@naver.com,32,Female,Sportswear,Adidas,250000,광주 충장로점 (Gwangju)
jisoo-park@naver.com,51,Female,Sportswear,Adidas,55000,광주 충장로점 (Gwangju)
minho_lee45@outlook.com,45,Female,Fashionable,Supreme,60000,압구정점 (Seoul)
seo_young_kim@kakao.com,48,Female,Luxury,Zara,155000,강남점 (Seoul)
seo_young_kim@kakao.com,37,Female,Casual,Zara,250000,롯데백화점 명동점 (Seoul)
seo_young_kim@kakao.com,20,Male,Fashionable,H&M,175000,압구정점 (Seoul)
minho_lee45@outlook.com,41,Male,Fashionable,Louis Vuitton,345000,롯데백화점 명동점 (Seoul)
jiwoo.jung_1985@naver.com,40,Female,Casual,Puma,435000,대구 동성로점 (Daegu)
yuna.kim23@gmail.com,58,Male,Sportswear,Nike,55000,수원역점 (Suwon)
choi.soobin88@yahoo.com,39,Female,Fashionable,Zara,340000,대구 동성로점 (Daegu)
choi.soobin88@yahoo.com,46,Male,Streetwear,H&M,70000,강남점 (Seoul)
jisoo-park@naver.com,30,Female,Luxury,Louis Vuitton,270000,강남점 (Seoul)
seo_young_kim@kakao.com,31,Female,Fashionable,Supreme,465000,강남점 (Seoul)
yuna.kim23@gmail.com,20,Male,Casual,Louis Vuitton,205000,수원역점 (Suwon)
minho_lee45@outlook.com,50,Female,Casual,Nike,285000,롯데백화점 부산본점 (Busan)
lee.donghae@daum.net,56,Female,Fashionable,Puma,485000,롯데백화점 부산본점 (Busan)
minho_lee45@outlook.com,43,Male,Luxury,H&M,270000,부산 센텀시티점 (Busan)
minji.kim39@gmail.com,49,Female,Streetwear,Puma,375000,롯데백화점 명동점 (Seoul)
hyunwoo.choi@gmail.com,46,Male,Sportswear,Gucci,210000,수원역점 (Suwon)
choi.soobin88@yahoo.com,22,Female,Sportswear,Gucci,220000,광주 충장로점 (Gwangju)
jiwoo.jung_1985@naver.com,29,Female,Luxury,Nike,105000,롯데백화점 부산본점 (Busan)
seo_young_kim@kakao.com,45,Male,Fashionable,Louis Vuitton,155000,수원역점 (Suwon)
hyunwoo.choi@gmail.com,58,Female,Luxury,Adidas,450000,신세계백화점 강남점 (Seoul)
seo_young_kim@kakao.com,40,Male,Luxury,H&M,160000,대구 동성로점 (Daegu)
minho_lee45@outlook.com,58,Female,Streetwear,Gucci,270000,대전 은행동점 (Daejeon)
seo_young_kim@kakao.com,52,Male,Luxury,Puma,350000,대구 동성로점 (Daegu)
lee.donghae@daum.net,37,Female,Fashionable,Gucci,500000,대구 동성로점 (Daegu)
yuna.kim23@gmail.com,24,Female,Casual,Nike,170000,신세계백화점 강남점 (Seoul)
seo_young_kim@kakao.com,57,Female,Sportswear,Adidas,50000,압구정점 (Seoul)
seo_young_kim@kakao.com,19,Female,Streetwear,Louis Vuitton,160000,강남점 (Seoul)
jiwoo.jung_1985@naver.com,53,Male,Luxury,Adidas,185000,롯데백화점 부산본점 (Busan)
yuna.kim23@gmail.com,56,Male,Casual,Supreme,130000,광주 충장로점 (Gwangju)
choi.soobin88@yahoo.com,51,Female,Streetwear,Zara,500000,대전 은행동점 (Daejeon)
yuna.kim23@gmail.com,54,Male,Casual,Gucci,170000,압구정점 (Seoul)
minji.kim39@gmail.com,45,Male,Streetwear,Nike,460000,수원역점 (Suwon)
hyunwoo.choi@gmail.com,27,Female,Casual,Puma,380000,압구정점 (Seoul)
yuna.kim23@gmail.com,50,Male,Streetwear,H&M,285000,롯데백화점 명동점 (Seoul)
minho_lee45@outlook.com,56,Male,Sportswear,Nike,115000,롯데백화점 명동점 (Seoul)
lee.donghae@daum.net,24,Male,Luxury,Supreme,360000,광주 충장로점 (Gwangju)
seo_young_kim@kakao.com,37,Female,Luxury,Nike,175000,롯데백화점 명동점 (Seoul)
seo_young_kim@kakao.com,32,Male,Streetwear,H&M,320000,롯데백화점 명동점 (Seoul)
choi.soobin88@yahoo.com,42,Male,Luxury,Supreme,295000,광주 충장로점 (Gwangju)
choi.soobin88@yahoo.com,45,Male,Streetwear,H&M,500000,롯데백화점 명동점 (Seoul)
yuna.kim23@gmail.com,21,Female,Fashionable,Nike,215000,강남점 (Seoul)
minho_lee45@outlook.com,45,Male,Casual,Adidas,475000,강남점 (Seoul)
lee.donghae@daum.net,40,Male,Casual,Zara,375000,부산 센텀시티점 (Busan)
jiwoo.jung_1985@naver.com,40,Female,Fashionable,Supreme,85000,롯데백화점 부산본점 (Busan)
hyesoo-p@naver.com,26,Male,Luxury,Louis Vuitton,140000,압구정점 (Seoul)
jisoo-park@naver.com,46,Female,Luxury,H&M,430000,광주 충장로점 (Gwangju)
jisoo-park@naver.com,19,Female,Fashionable,Nike,85000,대전 은행동점 (Daejeon)
jiwoo.jung_1985@naver.com,56,Male,Fashionable,H&M,190000,신세계백화점 강남점 (Seoul)
yuna.kim23@gmail.com,20,Male,Fashionable,Adidas,390000,대구 동성로점 (Daegu)
hyunwoo.choi@gmail.com,26,Female,Luxury,Zara,330000,수원역점 (Suwon)
choi.soobin88@yahoo.com,54,Female,Sportswear,Zara,360000,강남점 (Seoul)
seo_young_kim@kakao.com,33,Male,Sportswear,Zara,395000,롯데백화점 부산본점 (Busan)
jisoo-park@naver.com,32,Female,Luxury,Zara,500000,압구정점 (Seoul)
minho_lee45@outlook.com,56,Male,Streetwear,H&M,75000,광주 충장로점 (Gwangju)
jiwoo.jung_1985@naver.com,58,Male,Casual,Nike,70000,대구 동성로점 (Daegu)
lee.donghae@daum.net,44,Male,Streetwear,H&M,155000,부산 센텀시티점 (Busan)
minji.kim39@gmail.com,51,Female,Streetwear,Zara,80000,광주 충장로점 (Gwangju)
jisoo-park@naver.com,19,Male,Streetwear,Adidas,420000,광주 충장로점 (Gwangju)
yuna.kim23@gmail.com,20,Male,Streetwear,Puma,340000,강남점 (Seoul)
jiwoo.jung_1985@naver.com,55,Female,Casual,H&M,255000,부산 센텀시티점 (Busan)
hyunwoo.choi@gmail.com,54,Male,Casual,Gucci,280000,부산 센텀시티점 (Busan)
lee.donghae@daum.net,44,Female,Casual,Adidas,465000,광주 충장로점 (Gwangju)
jiwoo.jung_1985@naver.com,41,Male,Streetwear,Louis Vuitton,140000,압구정점 (Seoul)
lee.donghae@daum.net,59,Female,Luxury,Supreme,450000,대전 은행동점 (Daejeon)
choi.soobin88@yahoo.com,24,Female,Casual,Gucci,490000,롯데백화점 부산본점 (Busan)
jisoo-park@naver.com,26,Female,Sportswear,Zara,310000,대전 은행동점 (Daejeon)
choi.soobin88@yahoo.com,29,Female,Streetwear,Zara,385000,롯데백화점 명동점 (Seoul)
choi.soobin88@yahoo.com,24,Female,Streetwear,Nike,85000,압구정점 (Seoul)
jiwoo.jung_1985@naver.com,20,Female,Luxury,Supreme,380000,대전 은행동점 (Daejeon)
hyunwoo.choi@gmail.com,40,Female,Fashionable,Zara,145000,신세계백화점 강남점 (Seoul)
hyunwoo.choi@gmail.com,30,Female,Fashionable,H&M,390000,대구 동성로점 (Daegu)
minji.kim39@gmail.com,27,Female,Luxury,Louis Vuitton,270000,신세계백화점 강남점 (Seoul)
lee.donghae@daum.net,49,Female,Streetwear,Gucci,445000,수원역점 (Suwon)
hyesoo-p@naver.com,55,Female,Luxury,Nike,420000,대구 동성로점 (Daegu)
seo_young_kim@kakao.com,51,Female,Sportswear,H&M,140000,대전 은행동점 (Daejeon)
seo_young_kim@kakao.com,26,Male,Luxury,Puma,125000,부산 센텀시티점 (Busan)
hyunwoo.choi@gmail.com,19,Male,Sportswear,Puma,400000,대전 은행동점 (Daejeon)
yuna.kim23@gmail.com,46,Female,Casual,Zara,235000,대구 동성로점 (Daegu)
seo_young_kim@kakao.com,32,Female,Fashionable,Zara,160000,롯데백화점 부산본점 (Busan)
minji.kim39@gmail.com,21,Male,Luxury,Gucci,140000,강남점 (Seoul)
minji.kim39@gmail.com,26,Male,Streetwear,H&M,375000,대구 동성로점 (Daegu)
minji.kim39@gmail.com,46,Male,Casual,Nike,500000,압구정점 (Seoul)
hyunwoo.choi@gmail.com,55,Female,Streetwear,Adidas,130000,강남점 (Seoul)
jisoo-park@naver.com,47,Female,Fashionable,Zara,70000,압구정점 (Seoul)
jisoo-park@naver.com,24,Female,Sportswear,Zara,215000,압구정점 (Seoul)
minho_lee45@outlook.com,58,Male,Luxury,H&M,470000,롯데백화점 부산본점 (Busan)
choi.soobin88@yahoo.com,33,Male,Sportswear,Louis Vuitton,150000,강남점 (Seoul)
minji.kim39@gmail.com,43,Female,Fashionable,Adidas,345000,부산 센텀시티점 (Busan)
lee.donghae@daum.net,48,Male,Luxury,Zara,315000,광주 충장로점 (Gwangju)
hyunwoo.choi@gmail.com,30,Female,Luxury,Nike,175000,강남점 (Seoul)
seo_young_kim@kakao.com,27,Male,Fashionable,Adidas,285000,압구정점 (Seoul)
seo_young_kim@kakao.com,57,Male,Luxury,Zara,160000,광주 충장로점 (Gwangju)
jisoo-park@naver.com,25,Female,Sportswear,Gucci,115000,광주 충장로점 (Gwangju)
lee.donghae@daum.net,43,Female,Fashionable,Louis Vuitton,65000,부산 센텀시티점 (Busan)
yuna.kim23@gmail.com,46,Female,Luxury,H&M,95000,수원역점 (Suwon)
lee.donghae@daum.net,34,Female,Luxury,Adidas,360000,롯데백화점 부산본점 (Busan)
jisoo-park@naver.com,51,Female,Sportswear,Zara,270000,압구정점 (Seoul)
jisoo-park@naver.com,29,Female,Sportswear,Supreme,195000,광주 충장로점 (Gwangju)
lee.donghae@daum.net,46,Female,Streetwear,Puma,285000,강남점 (Seoul)
minho_lee45@outlook.com,40,Male,Casual,Gucci,120000,광주 충장로점 (Gwangju)
seo_young_kim@kakao.com,31,Male,Casual,Supreme,490000,대구 동성로점 (Daegu)
minji.kim39@gmail.com,25,Male,Fashionable,H&M,85000,대전 은행동점 (Daejeon)
minho_lee45@outlook.com,25,Male,Luxury,Supreme,395000,대구 동성로점 (Daegu)
minji.kim39@gmail.com,25,Female,Streetwear,Puma,455000,광주 충장로점 (Gwangju)
jiwoo.jung_1985@naver.com,55,Female,Fashionable,H&M,235000,압구정점 (Seoul)
seo_young_kim@kakao.com,45,Female,Casual,H&M,395000,부산 센텀시티점 (Busan)
seo_young_kim@kakao.com,30,Female,Sportswear,Supreme,450000,신세계백화점 강남점 (Seoul)
lee.donghae@daum.net,44,Male,Fashionable,Gucci,275000,압구정점 (Seoul)
hyesoo-p@naver.com,52,Male,Sportswear,H&M,90000,대전 은행동점 (Daejeon)
hyesoo-p@naver.com,40,Female,Sportswear,Louis Vuitton,215000,롯데백화점 부산본점 (Busan)
yuna.kim23@gmail.com,24,Female,Fashionable,Nike,120000,강남점 (Seoul)
hyunwoo.choi@gmail.com,58,Male,Casual,Gucci,140000,신세계백화점 강남점 (Seoul)
lee.donghae@daum.net,54,Female,Fashionable,Louis Vuitton,175000,수원역점 (Suwon)
jisoo-park@naver.com,32,Male,Streetwear,Louis Vuitton,215000,압구정점 (Seoul)
minho_lee45@outlook.com,36,Male,Casual,Adidas,200000,대전 은행동점 (Daejeon)
minji.kim39@gmail.com,59,Male,Sportswear,Zara,110000,수원역점 (Suwon)
lee.donghae@daum.net,48,Female,Luxury,Louis Vuitton,150000,압구정점 (Seoul)
seo_young_kim@kakao.com,39,Male,Luxury,Gucci,425000,신세계백화점 강남점 (Seoul)
choi.soobin88@yahoo.com,24,Female,Luxury,H&M,185000,광주 충장로점 (Gwangju)
lee.donghae@daum.net,54,Female,Sportswear,H&M,450000,신세계백화점 강남점 (Seoul)
jisoo-park@naver.com,45,Male,Casual,Zara,470000,롯데백화점 부산본점 (Busan)
jiwoo.jung_1985@naver.com,18,Female,Sportswear,Puma,310000,광주 충장로점 (Gwangju)
hyesoo-p@naver.com,59,Female,Luxury,Nike,355000,압구정점 (Seoul)
minji.kim39@gmail.com,23,Female,Casual,Louis Vuitton,240000,수원역점 (Suwon)
lee.donghae@daum.net,34,Male,Luxury,Nike,285000,롯데백화점 명동점 (Seoul)
lee.donghae@daum.net,25,Male,Fashionable,Louis Vuitton,285000,부산 센텀시티점 (Busan)
choi.soobin88@yahoo.com,28,Male,Sportswear,Louis Vuitton,65000,부산 센텀시티점 (Busan)
hyunwoo.choi@gmail.com,51,Male,Fashionable,Nike,255000,압구정점 (Seoul)
lee.donghae@daum.net,39,Female,Sportswear,Louis Vuitton,135000,롯데백화점 부산본점 (Busan)
jisoo-park@naver.com,30,Female,Luxury,Puma,105000,강남점 (Seoul)
jiwoo.jung_1985@naver.com,20,Male,Luxury,Adidas,410000,광주 충장로점 (Gwangju)
choi.soobin88@yahoo.com,45,Female,Fashionable,Supreme,175000,부산 센텀시티점 (Busan)
seo_young_kim@kakao.com,38,Female,Fashionable,Zara,80000,부산 센텀시티점 (Busan)
jisoo-park@naver.com,36,Male,Fashionable,Gucci,150000,신세계백화점 강남점 (Seoul)
seo_young_kim@kakao.com,28,Female,Streetwear,Supreme,95000,롯데백화점 명동점 (Seoul)
jiwoo.jung_1985@naver.com,20,Male,Fashionable,Louis Vuitton,165000,압구정점 (Seoul)
seo_young_kim@kakao.com,38,Female,Casual,Supreme,265000,신세계백화점 강남점 (Seoul)
hyesoo-p@naver.com,40,Female,Sportswear,Zara,280000,강남점 (Seoul)
choi.soobin88@yahoo.com,41,Female,Streetwear,Nike,55000,강남점 (Seoul)
jiwoo.jung_1985@naver.com,50,Female,Luxury,H&M,440000,대전 은행동점 (Daejeon)
seo_young_kim@kakao.com,19,Male,Streetwear,Puma,190000,롯데백화점 부산본점 (Busan)
hyunwoo.choi@gmail.com,29,Male,Streetwear,Gucci,300000,대구 동성로점 (Daegu)
jiwoo.jung_1985@naver.com,50,Female,Streetwear,Louis Vuitton,60000,압구정점 (Seoul)
choi.soobin88@yahoo.com,38,Male,Fashionable,Nike,100000,대구 동성로점 (Daegu)
seo_young_kim@kakao.com,52,Female,Luxury,Zara,290000,압구정점 (Seoul)
choi.soobin88@yahoo.com,52,Female,Casual,Puma,350000,롯데백화점 명동점 (Seoul)
yuna.kim23@gmail.com,50,Female,Sportswear,Supreme,90000,신세계백화점 강남점 (Seoul)
yuna.kim23@gmail.com,47,Male,Fashionable,Nike,475000,압구정점 (Seoul)
lee.donghae@daum.net,22,Male,Luxury,Zara,305000,부산 센텀시티점 (Busan)
minji.kim39@gmail.com,18,Male,Fashionable,Louis Vuitton,395000,대전 은행동점 (Daejeon)
lee.donghae@daum.net,31,Female,Casual,Puma,130000,수원역점 (Suwon)
jiwoo.jung_1985@naver.com,41,Male,Fashionable,Louis Vuitton,465000,부산 센텀시티점 (Busan)
jisoo-park@naver.com,35,Male,Casual,Gucci,215000,신세계백화점 강남점 (Seoul)
minho_lee45@outlook.com,44,Female,Streetwear,Puma,345000,대전 은행동점 (Daejeon)
choi.soobin88@yahoo.com,24,Female,Fashionable,Nike,465000,대전 은행동점 (Daejeon)
minho_lee45@outlook.com,40,Female,Luxury,Supreme,205000,대전 은행동점 (Daejeon)
choi.soobin88@yahoo.com,44,Female,Luxury,Zara,355000,광주 충장로점 (Gwangju)
yuna.kim23@gmail.com,29,Female,Casual,Supreme,475000,강남점 (Seoul)
choi.soobin88@yahoo.com,56,Male,Luxury,Nike,495000,강남점 (Seoul)
hyesoo-p@naver.com,36,Female,Streetwear,Adidas,210000,롯데백화점 명동점 (Seoul)
seo_young_kim@kakao.com,56,Female,Casual,H&M,390000,강남점 (Seoul)
lee.donghae@daum.net,55,Male,Sportswear,Puma,105000,압구정점 (Seoul)
lee.donghae@daum.net,20,Female,Fashionable,Adidas,180000,압구정점 (Seoul)
minji.kim39@gmail.com,36,Male,Fashionable,Zara,165000,롯데백화점 명동점 (Seoul)
seo_young_kim@kakao.com,51,Female,Luxury,Nike,465000,수원역점 (Suwon)
minji.kim39@gmail.com,55,Female,Fashionable,Louis Vuitton,195000,대구 동성로점 (Daegu)
minji.kim39@gmail.com,44,Female,Fashionable,Puma,55000,롯데백화점 명동점 (Seoul)
hyunwoo.choi@gmail.com,35,Female,Sportswear,Supreme,445000,광주 충장로점 (Gwangju)
yuna.kim23@gmail.com,42,Male,Luxury,Zara,200000,압구정점 (Seoul)
choi.soobin88@yahoo.com,38,Female,Luxury,Adidas,85000,압구정점 (Seoul)
hyesoo-p@naver.com,58,Male,Luxury,Supreme,315000,신세계백화점 강남점 (Seoul)
seo_young_kim@kakao.com,22,Female,Sportswear,Nike,250000,롯데백화점 명동점 (Seoul)
hyunwoo.choi@gmail.com,58,Male,Sportswear,Puma,415000,롯데백화점 부산본점 (Busan)
jisoo-park@naver.com,20,Male,Sportswear,H&M,280000,대전 은행동점 (Daejeon)
lee.donghae@daum.net,23,Female,Sportswear,H&M,245000,압구정점 (Seoul)
hyunwoo.choi@gmail.com,39,Male,Casual,Puma,445000,수원역점 (Suwon)
minho_lee45@outlook.com,46,Male,Fashionable,Supreme,195000,대전 은행동점 (Daejeon)
minho_lee45@outlook.com,53,Male,Sportswear,Adidas,190000,광주 충장로점 (Gwangju)
minho_lee45@outlook.com,58,Male,Luxury,Gucci,220000,강남점 (Seoul)
hyunwoo.choi@gmail.com,30,Female,Casual,Adidas,245000,압구정점 (Seoul)
yuna.kim23@gmail.com,50,Male,Luxury,Supreme,475000,신세계백화점 강남점 (Seoul)
lee.donghae@daum.net,48,Male,Sportswear,Puma,90000,롯데백화점 부산본점 (Busan)
choi.soobin88@yahoo.com,41,Male,Casual,Louis Vuitton,110000,압구정점 (Seoul)
choi.soobin88@yahoo.com,19,Male,Luxury,Gucci,455000,강남점 (Seoul)
yuna.kim23@gmail.com,32,Female,Sportswear,Adidas,215000,대구 동성로점 (Daegu)
minho_lee45@outlook.com,24,Male,Casual,Zara,210000,압구정점 (Seoul)
choi.soobin88@yahoo.com,48,Female,Sportswear,Supreme,210000,수원역점 (Suwon)
yuna.kim23@gmail.com,59,Female,Casual,Puma,85000,강남점 (Seoul)
minho_lee45@outlook.com,48,Male,Fashionable,Zara,300000,롯데백화점 명동점 (Seoul)
yuna.kim23@gmail.com,52,Male,Sportswear,Puma,145000,강남점 (Seoul)
minho_lee45@outlook.com,59,Female,Sportswear,Zara,370000,대전 은행동점 (Daejeon)
minho_lee45@outlook.com,48,Female,Fashionable,Louis Vuitton,285000,롯데백화점 부산본점 (Busan)
minji.kim39@gmail.com,35,Female,Fashionable,Zara,230000,부산 센텀시티점 (Busan)
minho_lee45@outlook.com,39,Female,Fashionable,Puma,190000,압구정점 (Seoul)
seo_young_kim@kakao.com,53,Female,Casual,Puma,350000,신세계백화점 강남점 (Seoul)
choi.soobin88@yahoo.com,39,Male,Sportswear,Supreme,120000,압구정점 (Seoul)
minji.kim39@gmail.com,22,Female,Luxury,Louis Vuitton,340000,롯데백화점 부산본점 (Busan)
hyunwoo.choi@gmail.com,47,Male,Sportswear,Adidas,220000,수원역점 (Suwon)
lee.donghae@daum.net,25,Female,Streetwear,Nike,500000,광주 충장로점 (Gwangju)
jisoo-park@naver.com,55,Male,Sportswear,Gucci,335000,대구 동성로점 (Daegu)
yuna.kim23@gmail.com,38,Male,Luxury,Puma,215000,수원역점 (Suwon)
hyesoo-p@naver.com,27,Male,Luxury,Gucci,225000,강남점 (Seoul)
jisoo-park@naver.com,31,Female,Sportswear,Supreme,160000,롯데백화점 부산본점 (Busan)
jiwoo.jung_1985@naver.com,53,Male,Casual,Zara,135000,수원역점 (Suwon)
jisoo-park@naver.com,30,Female,Casual,Nike,240000,광주 충장로점 (Gwangju)
hyunwoo.choi@gmail.com,43,Male,Luxury,Gucci,290000,대전 은행동점 (Daejeon)
seo_young_kim@kakao.com,59,Female,Luxury,Nike,355000,수원역점 (Suwon)
hyunwoo.choi@gmail.com,35,Male,Streetwear,Supreme,190000,신세계백화점 강남점 (Seoul)
minho_lee45@outlook.com,46,Male,Streetwear,Puma,240000,대전 은행동점 (Daejeon)
minho_lee45@outlook.com,48,Male,Streetwear,Zara,100000,롯데백화점 부산본점 (Busan)
hyunwoo.choi@gmail.com,43,Female,Casual,Puma,490000,신세계백화점 강남점 (Seoul)
minji.kim39@gmail.com,40,Male,Luxury,Nike,155000,신세계백화점 강남점 (Seoul)
jiwoo.jung_1985@naver.com,45,Female,Luxury,Nike,80000,신세계백화점 강남점 (Seoul)
jiwoo.jung_1985@naver.com,39,Female,Streetwear,Supreme,160000,대구 동성로점 (Daegu)
hyesoo-p@naver.com,23,Female,Casual,Nike,150000,강남점 (Seoul)
minji.kim39@gmail.com,34,Female,Casual,Gucci,425000,롯데백화점 부산본점 (Busan)
jisoo-park@naver.com,27,Female,Sportswear,Gucci,225000,롯데백화점 명동점 (Seoul)
choi.soobin88@yahoo.com,46,Female,Streetwear,Puma,395000,강남점 (Seoul)
minji.kim39@gmail.com,28,Female,Sportswear,Gucci,75000,대구 동성로점 (Daegu)
lee.donghae@daum.net,43,Male,Fashionable,Zara,55000,광주 충장로점 (Gwangju)
hyesoo-p@naver.com,37,Male,Sportswear,H&M,185000,롯데백화점 부산본점 (Busan)
jiwoo.jung_1985@naver.com,38,Male,Sportswear,Puma,265000,부산 센텀시티점 (Busan)
jisoo-park@naver.com,18,Female,Casual,Gucci,430000,광주 충장로점 (Gwangju)
jiwoo.jung_1985@naver.com,46,Male,Luxury,Louis Vuitton,415000,수원역점 (Suwon)
minji.kim39@gmail.com,38,Male,Streetwear,Gucci,245000,강남점 (Seoul)
jiwoo.jung_1985@naver.com,22,Female,Sportswear,Adidas,210000,신세계백화점 강남점 (Seoul)
seo_young_kim@kakao.com,57,Female,Luxury,Supreme,260000,광주 충장로점 (Gwangju)
hyunwoo.choi@gmail.com,28,Male,Sportswear,Nike,70000,압구정점 (Seoul)
jiwoo.jung_1985@naver.com,49,Male,Casual,Puma,100000,신세계백화점 강남점 (Seoul)
choi.soobin88@yahoo.com,43,Female,Fashionable,Gucci,375000,수원역점 (Suwon)
jisoo-park@naver.com,18,Male,Fashionable,H&M,480000,대전 은행동점 (Daejeon)
minho_lee45@outlook.com,32,Male,Streetwear,Louis Vuitton,200000,대구 동성로점 (Daegu)
yuna.kim23@gmail.com,39,Female,Casual,Zara,110000,강남점 (Seoul)
hyesoo-p@naver.com,43,Female,Fashionable,H&M,355000,대구 동성로점 (Daegu)
yuna.kim23@gmail.com,53,Male,Fashionable,Zara,350000,수원역점 (Suwon)
minji.kim39@gmail.com,46,Female,Luxury,Supreme,175000,압구정점 (Seoul)
hyesoo-p@naver.com,32,Male,Casual,Adidas,420000,대전 은행동점 (Daejeon)
jiwoo.jung_1985@naver.com,20,Male,Sportswear,Zara,360000,부산 센텀시티점 (Busan)
hyunwoo.choi@gmail.com,54,Male,Streetwear,Nike,145000,롯데백화점 명동점 (Seoul)
minho_lee45@outlook.com,20,Male,Fashionable,Supreme,80000,대구 동성로점 (Daegu)
choi.soobin88@yahoo.com,45,Male,Streetwear,Supreme,365000,수원역점 (Suwon)
minji.kim39@gmail.com,32,Female,Sportswear,Nike,330000,압구정점 (Seoul)
jiwoo.jung_1985@naver.com,47,Female,Streetwear,Gucci,470000,신세계백화점 강남점 (Seoul)
lee.donghae@daum.net,48,Female,Luxury,Puma,400000,강남점 (Seoul)
lee.donghae@daum.net,32,Male,Fashionable,Gucci,150000,롯데백화점 부산본점 (Busan)
minho_lee45@outlook.com,21,Female,Sportswear,Zara,210000,강남점 (Seoul)
jisoo-park@naver.com,29,Male,Fashionable,Supreme,100000,롯데백화점 명동점 (Seoul)
hyunwoo.choi@gmail.com,42,Male,Fashionable,Gucci,320000,부산 센텀시티점 (Busan)
yuna.kim23@gmail.com,42,Male,Casual,Puma,430000,신세계백화점 강남점 (Seoul)
yuna.kim23@gmail.com,51,Male,Luxury,Adidas,310000,롯데백화점 부산본점 (Busan)
jiwoo.jung_1985@naver.com,29,Female,Luxury,H&M,130000,압구정점 (Seoul)
hyunwoo.choi@gmail.com,39,Female,Luxury,Gucci,205000,롯데백화점 부산본점 (Busan)
hyunwoo.choi@gmail.com,27,Male,Casual,Nike,440000,수원역점 (Suwon)
hyesoo-p@naver.com,53,Female,Sportswear,Nike,345000,강남점 (Seoul)
choi.soobin88@yahoo.com,19,Male,Sportswear,Adidas,125000,롯데백화점 부산본점 (Busan)
minji.kim39@gmail.com,58,Female,Sportswear,Supreme,250000,부산 센텀시티점 (Busan)
yuna.kim23@gmail.com,59,Female,Streetwear,Zara,180000,대전 은행동점 (Daejeon)
lee.donghae@daum.net,40,Male,Luxury,Louis Vuitton,490000,롯데백화점 명동점 (Seoul)
yuna.kim23@gmail.com,19,Male,Fashionable,Supreme,190000,수원역점 (Suwon)
lee.donghae@daum.net,45,Male,Luxury,Puma,50000,압구정점 (Seoul)
yuna.kim23@gmail.com,25,Female,Streetwear,Gucci,375000,롯데백화점 명동점 (Seoul)
minji.kim39@gmail.com,21,Female,Casual,Louis Vuitton,430000,광주 충장로점 (Gwangju)
minho_lee45@outlook.com,57,Female,Streetwear,Gucci,350000,수원역점 (Suwon)
jiwoo.jung_1985@naver.com,37,Male,Casual,Adidas,345000,대구 동성로점 (Daegu)
minji.kim39@gmail.com,27,Female,Casual,Gucci,165000,신세계백화점 강남점 (Seoul)
minji.kim39@gmail.com,56,Male,Streetwear,Adidas,410000,광주 충장로점 (Gwangju)
minho_lee45@outlook.com,21,Female,Fashionable,Adidas,345000,대구 동성로점 (Daegu)
lee.donghae@daum.net,20,Female,Streetwear,Louis Vuitton,255000,강남점 (Seoul)
jisoo-park@naver.com,45,Male,Sportswear,Gucci,60000,대구 동성로점 (Daegu)
yuna.kim23@gmail.com,26,Female,Luxury,Gucci,430000,광주 충장로점 (Gwangju)
hyesoo-p@naver.com,32,Male,Luxury,Louis Vuitton,460000,광주 충장로점 (Gwangju)
jisoo-park@naver.com,19,Male,Sportswear,Supreme,80000,압구정점 (Seoul)
hyunwoo.choi@gmail.com,41,Female,Luxury,Puma,60000,대전 은행동점 (Daejeon)
jisoo-park@naver.com,24,Female,Fashionable,Supreme,365000,롯데백화점 부산본점 (Busan)
yuna.kim23@gmail.com,46,Female,Sportswear,Louis Vuitton,415000,압구정점 (Seoul)
hyesoo-p@naver.com,30,Male,Fashionable,Adidas,450000,압구정점 (Seoul)
yuna.kim23@gmail.com,27,Male,Streetwear,Supreme,130000,대구 동성로점 (Daegu)
jiwoo.jung_1985@naver.com,47,Female,Luxury,Nike,285000,롯데백화점 명동점 (Seoul)
minho_lee45@outlook.com,47,Male,Streetwear,Supreme,265000,광주 충장로점 (Gwangju)
lee.donghae@daum.net,42,Male,Casual,Zara,245000,광주 충장로점 (Gwangju)
jisoo-park@naver.com,34,Male,Streetwear,Gucci,445000,부산 센텀시티점 (Busan)
hyesoo-p@naver.com,52,Female,Streetwear,Adidas,205000,부산 센텀시티점 (Busan)
jisoo-park@naver.com,33,Male,Luxury,Supreme,335000,압구정점 (Seoul)
minji.kim39@gmail.com,34,Female,Casual,Nike,220000,부산 센텀시티점 (Busan)
jisoo-park@naver.com,28,Female,Sportswear,Zara,70000,압구정점 (Seoul)
yuna.kim23@gmail.com,27,Male,Fashionable,Adidas,405000,롯데백화점 명동점 (Seoul)
lee.donghae@daum.net,24,Female,Casual,Louis Vuitton,165000,롯데백화점 부산본점 (Busan)
hyesoo-p@naver.com,22,Male,Streetwear,Supreme,90000,롯데백화점 부산본점 (Busan)
choi.soobin88@yahoo.com,38,Female,Luxury,Supreme,470000,대전 은행동점 (Daejeon)
minji.kim39@gmail.com,56,Female,Sportswear,Gucci,320000,롯데백화점 부산본점 (Busan)
hyesoo-p@naver.com,57,Male,Sportswear,Zara,455000,부산 센텀시티점 (Busan)
hyunwoo.choi@gmail.com,33,Female,Streetwear,Zara,305000,부산 센텀시티점 (Busan)
minho_lee45@outlook.com,27,Female,Fashionable,Nike,500000,대전 은행동점 (Daejeon)
jiwoo.jung_1985@naver.com,44,Male,Fashionable,Louis Vuitton,490000,대구 동성로점 (Daegu)
minji.kim39@gmail.com,31,Female,Casual,Puma,340000,대구 동성로점 (Daegu)
minji.kim39@gmail.com,27,Male,Sportswear,H&M,165000,부산 센텀시티점 (Busan)
minji.kim39@gmail.com,22,Female,Luxury,Puma,100000,부산 센텀시티점 (Busan)
hyunwoo.choi@gmail.com,36,Female,Luxury,Louis Vuitton,305000,롯데백화점 부산본점 (Busan)
choi.soobin88@yahoo.com,42,Female,Streetwear,Gucci,225000,압구정점 (Seoul)
jisoo-park@naver.com,30,Female,Luxury,Gucci,80000,광주 충장로점 (Gwangju)
choi.soobin88@yahoo.com,23,Male,Luxury,Louis Vuitton,420000,압구정점 (Seoul)
seo_young_kim@kakao.com,56,Male,Casual,Supreme,270000,광주 충장로점 (Gwangju)
hyesoo-p@naver.com,51,Female,Fashionable,Gucci,365000,압구정점 (Seoul)
jisoo-park@naver.com,25,Male,Fashionable,H&M,245000,롯데백화점 명동점 (Seoul)
choi.soobin88@yahoo.com,45,Female,Casual,Gucci,485000,대전 은행동점 (Daejeon)
yuna.kim23@gmail.com,23,Male,Fashionable,Puma,175000,대구 동성로점 (Daegu)
choi.soobin88@yahoo.com,47,Female,Streetwear,Adidas,170000,대구 동성로점 (Daegu)
minji.kim39@gmail.com,48,Female,Fashionable,Louis Vuitton,130000,강남점 (Seoul)
lee.donghae@daum.net,45,Female,Streetwear,Supreme,275000,부산 센텀시티점 (Busan)
lee.donghae@daum.net,41,Male,Luxury,Nike,80000,압구정점 (Seoul)
seo_young_kim@kakao.com,45,Female,Fashionable,Nike,370000,대전 은행동점 (Daejeon)
yuna.kim23@gmail.com,27,Male,Sportswear,Puma,500000,압구정점 (Seoul)
yuna.kim23@gmail.com,52,Male,Luxury,Puma,470000,대전 은행동점 (Daejeon)
lee.donghae@daum.net,42,Male,Streetwear,Puma,110000,신세계백화점 강남점 (Seoul)
jiwoo.jung_1985@naver.com,22,Male,Fashionable,Gucci,235000,광주 충장로점 (Gwangju)
jiwoo.jung_1985@naver.com,38,Female,Casual,Supreme,205000,광주 충장로점 (Gwangju)
minji.kim39@gmail.com,45,Male,Sportswear,Louis Vuitton,395000,광주 충장로점 (Gwangju)
yuna.kim23@gmail.com,52,Female,Casual,Gucci,105000,대구 동성로점 (Daegu)
hyesoo-p@naver.com,23,Female,Streetwear,Adidas,345000,수원역점 (Suwon)
yuna.kim23@gmail.com,58,Male,Casual,Zara,130000,롯데백화점 부산본점 (Busan)
hyesoo-p@naver.com,41,Male,Fashionable,Adidas,480000,대전 은행동점 (Daejeon)
jisoo-park@naver.com,35,Male,Luxury,Gucci,55000,부산 센텀시티점 (Busan)
jiwoo.jung_1985@naver.com,48,Female,Casual,Louis Vuitton,65000,신세계백화점 강남점 (Seoul)
hyunwoo.choi@gmail.com,45,Female,Fashionable,Gucci,225000,강남점 (Seoul)
jiwoo.jung_1985@naver.com,46,Female,Casual,Gucci,155000,롯데백화점 명동점 (Seoul)
yuna.kim23@gmail.com,35,Female,Luxury,Louis Vuitton,205000,대전 은행동점 (Daejeon)
hyesoo-p@naver.com,29,Female,Sportswear,Louis Vuitton,95000,대구 동성로점 (Daegu)
minji.kim39@gmail.com,20,Male,Streetwear,Puma,355000,롯데백화점 명동점 (Seoul)
lee.donghae@daum.net,29,Female,Casual,Louis Vuitton,125000,부산 센텀시티점 (Busan)
choi.soobin88@yahoo.com,21,Female,Casual,Louis Vuitton,65000,부산 센텀시티점 (Busan)
hyunwoo.choi@gmail.com,49,Female,Sportswear,Nike,450000,강남점 (Seoul)
yuna.kim23@gmail.com,51,Male,Sportswear,Supreme,375000,대구 동성로점 (Daegu)
hyunwoo.choi@gmail.com,46,Female,Sportswear,Zara,55000,수원역점 (Suwon)
yuna.kim23@gmail.com,28,Female,Sportswear,Adidas,320000,대전 은행동점 (Daejeon)
jisoo-park@naver.com,51,Female,Casual,Adidas,95000,롯데백화점 명동점 (Seoul)
minho_lee45@outlook.com,53,Male,Streetwear,Louis Vuitton,475000,대구 동성로점 (Daegu)
minho_lee45@outlook.com,53,Male,Fashionable,Gucci,435000,신세계백화점 강남점 (Seoul)
jisoo-park@naver.com,35,Male,Luxury,Louis Vuitton,165000,신세계백화점 강남점 (Seoul)
yuna.kim23@gmail.com,32,Female,Streetwear,Nike,320000,강남점 (Seoul)
yuna.kim23@gmail.com,31,Female,Fashionable,Zara,370000,압구정점 (Seoul)
hyesoo-p@naver.com,38,Female,Fashionable,Zara,180000,수원역점 (Suwon)
jisoo-park@naver.com,52,Male,Fashionable,Louis Vuitton,235000,광주 충장로점 (Gwangju)
choi.soobin88@yahoo.com,47,Female,Sportswear,Louis Vuitton,260000,신세계백화점 강남점 (Seoul)
seo_young_kim@kakao.com,53,Male,Sportswear,Supreme,110000,대전 은행동점 (Daejeon)
lee.donghae@daum.net,22,Female,Streetwear,H&M,55000,롯데백화점 부산본점 (Busan)
minji.kim39@gmail.com,37,Male,Sportswear,Zara,235000,대전 은행동점 (Daejeon)
hyunwoo.choi@gmail.com,35,Male,Luxury,Gucci,115000,롯데백화점 부산본점 (Busan)
hyesoo-p@naver.com,44,Female,Fashionable,Nike,205000,대전 은행동점 (Daejeon)
jiwoo.jung_1985@naver.com,33,Male,Streetwear,H&M,385000,대구 동성로점 (Daegu)
hyesoo-p@naver.com,51,Male,Casual,Zara,455000,강남점 (Seoul)
minji.kim39@gmail.com,52,Male,Casual,Zara,295000,롯데백화점 명동점 (Seoul)
hyunwoo.choi@gmail.com,39,Male,Casual,Nike,440000,광주 충장로점 (Gwangju)
lee.donghae@daum.net,20,Male,Luxury,Louis Vuitton,135000,신세계백화점 강남점 (Seoul)
hyunwoo.choi@gmail.com,29,Male,Casual,Zara,225000,부산 센텀시티점 (Busan)
yuna.kim23@gmail.com,25,Male,Sportswear,Louis Vuitton,155000,롯데백화점 명동점 (Seoul)
lee.donghae@daum.net,30,Male,Luxury,Supreme,445000,롯데백화점 명동점 (Seoul)
lee.donghae@daum.net,26,Male,Streetwear,Adidas,340000,광주 충장로점 (Gwangju)
choi.soobin88@yahoo.com,35,Female,Streetwear,Gucci,335000,대전 은행동점 (Daejeon)
seo_young_kim@kakao.com,18,Female,Streetwear,Gucci,110000,대구 동성로점 (Daegu)
hyunwoo.choi@gmail.com,58,Female,Sportswear,Louis Vuitton,155000,부산 센텀시티점 (Busan)
minji.kim39@gmail.com,27,Female,Casual,Louis Vuitton,215000,부산 센텀시티점 (Busan)
jisoo-park@naver.com,24,Female,Sportswear,Louis Vuitton,155000,대전 은행동점 (Daejeon)
yuna.kim23@gmail.com,26,Female,Casual,Adidas,380000,부산 센텀시티점 (Busan)
minji.kim39@gmail.com,34,Female,Luxury,H&M,430000,부산 센텀시티점 (Busan)
yuna.kim23@gmail.com,20,Female,Sportswear,Louis Vuitton,220000,압구정점 (Seoul)
minho_lee45@outlook.com,20,Female,Sportswear,Supreme,100000,롯데백화점 부산본점 (Busan)
minho_lee45@outlook.com,29,Male,Casual,Nike,435000,수원역점 (Suwon)
minji.kim39@gmail.com,23,Female,Casual,Puma,495000,롯데백화점 부산본점 (Busan)
jisoo-park@naver.com,38,Male,Streetwear,Gucci,175000,대구 동성로점 (Daegu)
yuna.kim23@gmail.com,39,Female,Luxury,Puma,260000,대전 은행동점 (Daejeon)
hyunwoo.choi@gmail.com,52,Male,Sportswear,Adidas,450000,수원역점 (Suwon)
hyunwoo.choi@gmail.com,32,Male,Streetwear,Nike,350000,대구 동성로점 (Daegu)
yuna.kim23@gmail.com,33,Male,Fashionable,Puma,225000,롯데백화점 부산본점 (Busan)
lee.donghae@daum.net,54,Male,Streetwear,Nike,290000,대구 동성로점 (Daegu)
jiwoo.jung_1985@naver.com,19,Male,Luxury,H&M,325000,광주 충장로점 (Gwangju)
jisoo-park@naver.com,19,Male,Casual,Gucci,395000,신세계백화점 강남점 (Seoul)
hyunwoo.choi@gmail.com,39,Male,Sportswear,Zara,110000,대전 은행동점 (Daejeon)
lee.donghae@daum.net,37,Male,Luxury,Gucci,60000,강남점 (Seoul)
lee.donghae@daum.net,45,Female,Luxury,Nike,465000,수원역점 (Suwon)
seo_young_kim@kakao.com,28,Male,Sportswear,Nike,55000,롯데백화점 부산본점 (Busan)
minji.kim39@gmail.com,23,Female,Streetwear,H&M,160000,수원역점 (Suwon)
hyesoo-p@naver.com,24,Male,Luxury,Louis Vuitton,195000,신세계백화점 강남점 (Seoul)
minho_lee45@outlook.com,54,Female,Fashionable,Supreme,325000,신세계백화점 강남점 (Seoul)
yuna.kim23@gmail.com,36,Male,Sportswear,Zara,405000,신세계백화점 강남점 (Seoul)
hyunwoo.choi@gmail.com,53,Female,Casual,Gucci,425000,대구 동성로점 (Daegu)
choi.soobin88@yahoo.com,47,Male,Casual,Zara,490000,광주 충장로점 (Gwangju)
choi.soobin88@yahoo.com,52,Male,Sportswear,Gucci,360000,부산 센텀시티점 (Busan)
seo_young_kim@kakao.com,22,Male,Casual,Louis Vuitton,470000,롯데백화점 명동점 (Seoul)
yuna.kim23@gmail.com,31,Female,Casual,Puma,115000,부산 센텀시티점 (Busan)
choi.soobin88@yahoo.com,26,Male,Sportswear,Adidas,345000,신세계백화점 강남점 (Seoul)
hyesoo-p@naver.com,19,Female,Streetwear,Louis Vuitton,335000,광주 충장로점 (Gwangju)
hyesoo-p@naver.com,36,Female,Streetwear,H&M,160000,광주 충장로점 (Gwangju)
jiwoo.jung_1985@naver.com,35,Female,Casual,Adidas,305000,부산 센텀시티점 (Busan)
minji.kim39@gmail.com,33,Female,Fashionable,Nike,105000,부산 센텀시티점 (Busan)
minho_lee45@outlook.com,58,Male,Luxury,Supreme,225000,강남점 (Seoul)
lee.donghae@daum.net,34,Female,Luxury,Zara,490000,신세계백화점 강남점 (Seoul)
jiwoo.jung_1985@naver.com,41,Male,Casual,Louis Vuitton,315000,강남점 (Seoul)
lee.donghae@daum.net,44,Female,Fashionable,Adidas,475000,부산 센텀시티점 (Busan)
minji.kim39@gmail.com,39,Male,Casual,Adidas,360000,대전 은행동점 (Daejeon)
jisoo-park@naver.com,30,Female,Luxury,Adidas,235000,광주 충장로점 (Gwangju)
minji.kim39@gmail.com,23,Female,Sportswear,Zara,415000,대전 은행동점 (Daejeon)
hyunwoo.choi@gmail.com,27,Female,Fashionable,Nike,100000,롯데백화점 부산본점 (Busan)
jisoo-park@naver.com,33,Female,Luxury,Louis Vuitton,310000,대구 동성로점 (Daegu)
seo_young_kim@kakao.com,26,Male,Streetwear,Supreme,80000,대구 동성로점 (Daegu)
minji.kim39@gmail.com,46,Female,Fashionable,Adidas,300000,롯데백화점 명동점 (Seoul)
lee.donghae@daum.net,25,Male,Sportswear,Louis Vuitton,265000,수원역점 (Suwon)
yuna.kim23@gmail.com,19,Male,Sportswear,Nike,410000,롯데백화점 명동점 (Seoul)
minji.kim39@gmail.com,46,Female,Streetwear,H&M,460000,롯데백화점 명동점 (Seoul)
jiwoo.jung_1985@naver.com,21,Female,Luxury,Supreme,90000,롯데백화점 명동점 (Seoul)
hyesoo-p@naver.com,39,Female,Sportswear,Nike,340000,광주 충장로점 (Gwangju)
minho_lee45@outlook.com,53,Male,Sportswear,Nike,255000,압구정점 (Seoul)
hyesoo-p@naver.com,30,Male,Streetwear,Puma,470000,대전 은행동점 (Daejeon)
jiwoo.jung_1985@naver.com,56,Male,Streetwear,Nike,380000,신세계백화점 강남점 (Seoul)
jisoo-park@naver.com,18,Female,Sportswear,Puma,385000,롯데백화점 명동점 (Seoul)
hyunwoo.choi@gmail.com,42,Female,Luxury,Adidas,345000,대전 은행동점 (Daejeon)
minji.kim39@gmail.com,59,Female,Fashionable,Gucci,455000,수원역점 (Suwon)
choi.soobin88@yahoo.com,43,Male,Sportswear,H&M,435000,대전 은행동점 (Daejeon)
jiwoo.jung_1985@naver.com,54,Female,Sportswear,Puma,225000,롯데백화점 부산본점 (Busan)
hyesoo-p@naver.com,31,Female,Casual,Adidas,110000,롯데백화점 부산본점 (Busan)
jiwoo.jung_1985@naver.com,45,Female,Streetwear,Adidas,265000,압구정점 (Seoul)
lee.donghae@daum.net,46,Male,Luxury,Louis Vuitton,160000,롯데백화점 부산본점 (Busan)
lee.donghae@daum.net,21,Female,Luxury,Nike,205000,롯데백화점 명동점 (Seoul)
hyunwoo.choi@gmail.com,50,Female,Fashionable,Gucci,475000,롯데백화점 부산본점 (Busan)
seo_young_kim@kakao.com,36,Male,Fashionable,Supreme,250000,강남점 (Seoul)
seo_young_kim@kakao.com,27,Male,Streetwear,Nike,445000,수원역점 (Suwon)
yuna.kim23@gmail.com,38,Male,Streetwear,Louis Vuitton,75000,롯데백화점 명동점 (Seoul)
lee.donghae@daum.net,54,Female,Streetwear,Louis Vuitton,200000,대구 동성로점 (Daegu)
lee.donghae@daum.net,52,Female,Fashionable,Puma,265000,부산 센텀시티점 (Busan)
jiwoo.jung_1985@naver.com,29,Male,Fashionable,Louis Vuitton,330000,강남점 (Seoul)
choi.soobin88@yahoo.com,34,Female,Luxury,Puma,275000,부산 센텀시티점 (Busan)
hyesoo-p@naver.com,31,Female,Luxury,Nike,95000,부산 센텀시티점 (Busan)
jisoo-park@naver.com,33,Male,Fashionable,Supreme,485000,롯데백화점 명동점 (Seoul)
minji.kim39@gmail.com,53,Female,Luxury,Louis Vuitton,470000,신세계백화점 강남점 (Seoul)
choi.soobin88@yahoo.com,35,Female,Streetwear,Louis Vuitton,120000,신세계백화점 강남점 (Seoul)
minho_lee45@outlook.com,32,Female,Fashionable,Louis Vuitton,235000,대구 동성로점 (Daegu)
hyunwoo.choi@gmail.com,24,Male,Casual,H&M,490000,대전 은행동점 (Daejeon)
yuna.kim23@gmail.com,20,Female,Fashionable,Adidas,120000,롯데백화점 명동점 (Seoul)
hyesoo-p@naver.com,41,Male,Casual,Supreme,150000,수원역점 (Suwon)
jisoo-park@naver.com,35,Female,Luxury,Louis Vuitton,455000,롯데백화점 명동점 (Seoul)
seo_young_kim@kakao.com,57,Female,Sportswear,Nike,430000,압구정점 (Seoul)
minho_lee45@outlook.com,49,Male,Fashionable,Adidas,430000,광주 충장로점 (Gwangju)
hyesoo-p@naver.com,46,Male,Casual,Supreme,75000,롯데백화점 부산본점 (Busan)
lee.donghae@daum.net,55,Male,Casual,Louis Vuitton,190000,대전 은행동점 (Daejeon)
yuna.kim23@gmail.com,33,Male,Sportswear,Louis Vuitton,190000,대전 은행동점 (Daejeon)
minho_lee45@outlook.com,55,Female,Casual,H&M,440000,부산 센텀시티점 (Busan)
yuna.kim23@gmail.com,31,Female,Fashionable,Puma,340000,신세계백화점 강남점 (Seoul)
minji.kim39@gmail.com,30,Male,Luxury,Zara,210000,대구 동성로점 (Daegu)
hyunwoo.choi@gmail.com,50,Female,Luxury,Supreme,295000,대구 동성로점 (Daegu)
lee.donghae@daum.net,32,Male,Casual,Puma,430000,대구 동성로점 (Daegu)
jisoo-park@naver.com,48,Male,Streetwear,H&M,380000,부산 센텀시티점 (Busan)
yuna.kim23@gmail.com,44,Male,Fashionable,Adidas,180000,압구정점 (Seoul)
jiwoo.jung_1985@naver.com,56,Female,Fashionable,Supreme,350000,압구정점 (Seoul)
seo_young_kim@kakao.com,30,Male,Luxury,Adidas,395000,압구정점 (Seoul)
yuna.kim23@gmail.com,18,Male,Fashionable,Supreme,95000,신세계백화점 강남점 (Seoul)
seo_young_kim@kakao.com,41,Female,Casual,Supreme,70000,신세계백화점 강남점 (Seoul)
yuna.kim23@gmail.com,32,Female,Sportswear,Louis Vuitton,85000,신세계백화점 강남점 (Seoul)
hyunwoo.choi@gmail.com,39,Male,Luxury,H&M,350000,압구정점 (Seoul)
choi.soobin88@yahoo.com,52,Female,Sportswear,H&M,220000,신세계백화점 강남점 (Seoul)
yuna.kim23@gmail.com,31,Male,Streetwear,H&M,250000,롯데백화점 부산본점 (Busan)
hyunwoo.choi@gmail.com,58,Male,Sportswear,Louis Vuitton,395000,강남점 (Seoul)
hyesoo-p@naver.com,43,Female,Streetwear,Adidas,295000,롯데백화점 부산본점 (Busan)
yuna.kim23@gmail.com,50,Male,Sportswear,H&M,490000,수원역점 (Suwon)
choi.soobin88@yahoo.com,19,Female,Fashionable,Louis Vuitton,405000,압구정점 (Seoul)
minho_lee45@outlook.com,32,Female,Fashionable,Nike,295000,수원역점 (Suwon)
choi.soobin88@yahoo.com,43,Female,Fashionable,H&M,75000,광주 충장로점 (Gwangju)
minji.kim39@gmail.com,26,Male,Sportswear,Supreme,110000,광주 충장로점 (Gwangju)
jisoo-park@naver.com,40,Male,Sportswear,Puma,65000,압구정점 (Seoul)
minho_lee45@outlook.com,50,Male,Streetwear,Louis Vuitton,310000,광주 충장로점 (Gwangju)
choi.soobin88@yahoo.com,43,Male,Streetwear,H&M,415000,강남점 (Seoul)
seo_young_kim@kakao.com,46,Male,Casual,Puma,410000,강남점 (Seoul)
lee.donghae@daum.net,25,Female,Luxury,Supreme,65000,강남점 (Seoul)
minji.kim39@gmail.com,49,Female,Casual,Adidas,425000,대구 동성로점 (Daegu)
yuna.kim23@gmail.com,47,Male,Fashionable,Adidas,80000,광주 충장로점 (Gwangju)
hyunwoo.choi@gmail.com,43,Male,Streetwear,Supreme,195000,롯데백화점 명동점 (Seoul)
hyesoo-p@naver.com,29,Female,Streetwear,Louis Vuitton,140000,대구 동성로점 (Daegu)
jiwoo.jung_1985@naver.com,59,Female,Fashionable,Louis Vuitton,105000,대전 은행동점 (Daejeon)
yuna.kim23@gmail.com,34,Female,Sportswear,Supreme,330000,수원역점 (Suwon)
minji.kim39@gmail.com,51,Male,Casual,H&M,70000,압구정점 (Seoul)
hyunwoo.choi@gmail.com,29,Female,Casual,Gucci,225000,롯데백화점 명동점 (Seoul)
choi.soobin88@yahoo.com,32,Male,Fashionable,Zara,450000,압구정점 (Seoul)
jisoo-park@naver.com,27,Male,Casual,Zara,320000,강남점 (Seoul)
minho_lee45@outlook.com,48,Female,Sportswear,H&M,140000,압구정점 (Seoul)
lee.donghae@daum.net,48,Female,Sportswear,H&M,400000,수원역점 (Suwon)
hyunwoo.choi@gmail.com,31,Male,Casual,Louis Vuitton,150000,부산 센텀시티점 (Busan)
seo_young_kim@kakao.com,19,Female,Fashionable,Adidas,355000,대전 은행동점 (Daejeon)
minho_lee45@outlook.com,33,Male,Casual,Gucci,300000,대구 동성로점 (Daegu)
choi.soobin88@yahoo.com,55,Male,Casual,H&M,300000,강남점 (Seoul)
minho_lee45@outlook.com,56,Female,Sportswear,Louis Vuitton,255000,부산 센텀시티점 (Busan)
hyunwoo.choi@gmail.com,43,Female,Streetwear,Supreme,375000,롯데백화점 부산본점 (Busan)
hyesoo-p@naver.com,37,Male,Sportswear,Gucci,400000,부산 센텀시티점 (Busan)
jisoo-park@naver.com,48,Female,Sportswear,Adidas,370000,부산 센텀시티점 (Busan)
minji.kim39@gmail.com,45,Female,Casual,Supreme,195000,수원역점 (Suwon)
seo_young_kim@kakao.com,35,Female,Fashionable,Puma,335000,신세계백화점 강남점 (Seoul)
yuna.kim23@gmail.com,47,Male,Fashionable,Adidas,450000,강남점 (Seoul)
lee.donghae@daum.net,24,Male,Luxury,Louis Vuitton,265000,롯데백화점 명동점 (Seoul)
jisoo-park@naver.com,40,Male,Streetwear,H&M,170000,대구 동성로점 (Daegu)
yuna.kim23@gmail.com,51,Male,Streetwear,Supreme,150000,대전 은행동점 (Daejeon)
yuna.kim23@gmail.com,45,Male,Streetwear,H&M,485000,강남점 (Seoul)
hyunwoo.choi@gmail.com,37,Male,Casual,Zara,125000,롯데백화점 명동점 (Seoul)
jisoo-park@naver.com,56,Male,Sportswear,Puma,255000,롯데백화점 부산본점 (Busan)
hyunwoo.choi@gmail.com,39,Male,Fashionable,Gucci,130000,압구정점 (Seoul)
hyesoo-p@naver.com,22,Male,Sportswear,Zara,160000,수원역점 (Suwon)
yuna.kim23@gmail.com,18,Male,Fashionable,Nike,245000,압구정점 (Seoul)
jiwoo.jung_1985@naver.com,51,Male,Luxury,Supreme,325000,수원역점 (Suwon)
lee.donghae@daum.net,43,Female,Casual,Gucci,175000,압구정점 (Seoul)
jisoo-park@naver.com,50,Male,Casual,Adidas,210000,강남점 (Seoul)
jiwoo.jung_1985@naver.com,59,Male,Luxury,Puma,490000,롯데백화점 부산본점 (Busan)
jiwoo.jung_1985@naver.com,40,Male,Fashionable,Nike,220000,대전 은행동점 (Daejeon)
seo_young_kim@kakao.com,19,Male,Luxury,Zara,315000,광주 충장로점 (Gwangju)
yuna.kim23@gmail.com,54,Male,Fashionable,Gucci,235000,강남점 (Seoul)
minji.kim39@gmail.com,28,Male,Casual,Adidas,170000,부산 센텀시티점 (Busan)
minji.kim39@gmail.com,27,Female,Luxury,Louis Vuitton,115000,롯데백화점 명동점 (Seoul)
lee.donghae@daum.net,52,Female,Casual,Zara,445000,롯데백화점 명동점 (Seoul)
jiwoo.jung_1985@naver.com,56,Female,Casual,H&M,495000,부산 센텀시티점 (Busan)
jiwoo.jung_1985@naver.com,42,Female,Sportswear,Nike,260000,압구정점 (Seoul)
minho_lee45@outlook.com,46,Male,Luxury,H&M,125000,강남점 (Seoul)
minho_lee45@outlook.com,31,Male,Luxury,Adidas,345000,부산 센텀시티점 (Busan)
seo_young_kim@kakao.com,40,Female,Sportswear,Louis Vuitton,80000,롯데백화점 명동점 (Seoul)
seo_young_kim@kakao.com,26,Female,Luxury,Gucci,155000,신세계백화점 강남점 (Seoul)
lee.donghae@daum.net,57,Female,Casual,Adidas,300000,부산 센텀시티점 (Busan)
jisoo-park@naver.com,39,Female,Casual,Gucci,225000,광주 충장로점 (Gwangju)
seo_young_kim@kakao.com,44,Male,Casual,Puma,320000,수원역점 (Suwon)
choi.soobin88@yahoo.com,37,Female,Fashionable,Supreme,155000,강남점 (Seoul)
minji.kim39@gmail.com,51,Male,Streetwear,H&M,110000,롯데백화점 명동점 (Seoul)
minho_lee45@outlook.com,47,Female,Sportswear,Supreme,110000,강남점 (Seoul)
hyunwoo.choi@gmail.com,51,Male,Casual,Zara,60000,압구정점 (Seoul)
yuna.kim23@gmail.com,24,Female,Luxury,Puma,450000,광주 충장로점 (Gwangju)
minji.kim39@gmail.com,46,Female,Streetwear,Adidas,210000,신세계백화점 강남점 (Seoul)
jisoo-park@naver.com,46,Male,Luxury,Nike,435000,수원역점 (Suwon)
seo_young_kim@kakao.com,43,Male,Sportswear,Puma,300000,롯데백화점 부산본점 (Busan)
choi.soobin88@yahoo.com,31,Male,Luxury,Louis Vuitton,95000,대전 은행동점 (Daejeon)
jiwoo.jung_1985@naver.com,43,Male,Fashionable,Supreme,165000,신세계백화점 강남점 (Seoul)
lee.donghae@daum.net,51,Female,Casual,Adidas,75000,압구정점 (Seoul)
choi.soobin88@yahoo.com,47,Female,Luxury,Nike,160000,롯데백화점 명동점 (Seoul)
minho_lee45@outlook.com,46,Female,Sportswear,Puma,325000,강남점 (Seoul)
hyesoo-p@naver.com,51,Male,Casual,Puma,230000,롯데백화점 부산본점 (Busan)
hyunwoo.choi@gmail.com,27,Male,Fashionable,Nike,365000,수원역점 (Suwon)
choi.soobin88@yahoo.com,22,Female,Casual,Louis Vuitton,450000,신세계백화점 강남점 (Seoul)
choi.soobin88@yahoo.com,50,Male,Sportswear,Gucci,455000,수원역점 (Suwon)
minho_lee45@outlook.com,22,Male,Fashionable,Supreme,455000,광주 충장로점 (Gwangju)
seo_young_kim@kakao.com,23,Female,Streetwear,Zara,295000,롯데백화점 부산본점 (Busan)
jiwoo.jung_1985@naver.com,48,Female,Fashionable,Zara,55000,대구 동성로점 (Daegu)
yuna.kim23@gmail.com,18,Female,Sportswear,Zara,160000,신세계백화점 강남점 (Seoul)
jiwoo.jung_1985@naver.com,51,Female,Casual,Louis Vuitton,240000,광주 충장로점 (Gwangju)
yuna.kim23@gmail.com,19,Male,Streetwear,Adidas,495000,대구 동성로점 (Daegu)
yuna.kim23@gmail.com,37,Male,Casual,Louis Vuitton,395000,강남점 (Seoul)
minho_lee45@outlook.com,30,Male,Luxury,Adidas,430000,롯데백화점 명동점 (Seoul)
hyunwoo.choi@gmail.com,47,Male,Sportswear,Zara,175000,대구 동성로점 (Daegu)
yuna.kim23@gmail.com,26,Male,Luxury,Zara,305000,광주 충장로점 (Gwangju)
jisoo-park@naver.com,50,Female,Fashionable,Nike,80000,수원역점 (Suwon)
choi.soobin88@yahoo.com,32,Male,Fashionable,Nike,300000,대구 동성로점 (Daegu)
minho_lee45@outlook.com,47,Female,Fashionable,H&M,95000,신세계백화점 강남점 (Seoul)
seo_young_kim@kakao.com,46,Male,Fashionable,Nike,110000,수원역점 (Suwon)
choi.soobin88@yahoo.com,33,Female,Casual,Zara,105000,대구 동성로점 (Daegu)
seo_young_kim@kakao.com,58,Female,Streetwear,Puma,105000,대전 은행동점 (Daejeon)
hyesoo-p@naver.com,43,Female,Fashionable,Gucci,125000,압구정점 (Seoul)
seo_young_kim@kakao.com,31,Female,Streetwear,Zara,295000,강남점 (Seoul)
hyesoo-p@naver.com,20,Female,Sportswear,Adidas,55000,롯데백화점 부산본점 (Busan)
hyesoo-p@naver.com,41,Female,Sportswear,H&M,150000,롯데백화점 명동점 (Seoul)
jiwoo.jung_1985@naver.com,47,Female,Sportswear,Gucci,225000,강남점 (Seoul)
minho_lee45@outlook.com,56,Female,Fashionable,Nike,290000,대구 동성로점 (Daegu)
jiwoo.jung_1985@naver.com,41,Female,Casual,Adidas,315000,수원역점 (Suwon)
jisoo-park@naver.com,46,Female,Fashionable,Supreme,475000,압구정점 (Seoul)
lee.donghae@daum.net,29,Male,Luxury,H&M,360000,수원역점 (Suwon)
lee.donghae@daum.net,26,Female,Sportswear,Supreme,380000,대구 동성로점 (Daegu)
minho_lee45@outlook.com,54,Female,Sportswear,Supreme,335000,수원역점 (Suwon)
jiwoo.jung_1985@naver.com,34,Female,Fashionable,Gucci,270000,압구정점 (Seoul)
yuna.kim23@gmail.com,25,Female,Luxury,Louis Vuitton,85000,부산 센텀시티점 (Busan)
jisoo-park@naver.com,46,Male,Luxury,Adidas,160000,압구정점 (Seoul)
yuna.kim23@gmail.com,56,Female,Luxury,Nike,320000,대구 동성로점 (Daegu)
jisoo-park@naver.com,59,Female,Streetwear,Gucci,200000,압구정점 (Seoul)
seo_young_kim@kakao.com,57,Female,Sportswear,Zara,490000,롯데백화점 명동점 (Seoul)
hyunwoo.choi@gmail.com,59,Female,Fashionable,H&M,220000,광주 충장로점 (Gwangju)
hyesoo-p@naver.com,34,Male,Casual,H&M,385000,압구정점 (Seoul)
yuna.kim23@gmail.com,51,Female,Fashionable,H&M,150000,부산 센텀시티점 (Busan)
minho_lee45@outlook.com,59,Female,Sportswear,Zara,225000,롯데백화점 부산본점 (Busan)
seo_young_kim@kakao.com,25,Female,Streetwear,Supreme,385000,대구 동성로점 (Daegu)
minji.kim39@gmail.com,46,Female,Luxury,Louis Vuitton,475000,부산 센텀시티점 (Busan)
yuna.kim23@gmail.com,22,Female,Casual,Adidas,200000,수원역점 (Suwon)
minji.kim39@gmail.com,34,Male,Luxury,Supreme,220000,신세계백화점 강남점 (Seoul)
jiwoo.jung_1985@naver.com,37,Female,Streetwear,Gucci,250000,광주 충장로점 (Gwangju)
jisoo-park@naver.com,40,Female,Fashionable,Zara,455000,롯데백화점 명동점 (Seoul)
seo_young_kim@kakao.com,57,Male,Casual,H&M,465000,수원역점 (Suwon)
hyesoo-p@naver.com,30,Female,Sportswear,H&M,340000,압구정점 (Seoul)
choi.soobin88@yahoo.com,38,Male,Sportswear,Louis Vuitton,80000,롯데백화점 부산본점 (Busan)
seo_young_kim@kakao.com,41,Female,Fashionable,Gucci,400000,강남점 (Seoul)
choi.soobin88@yahoo.com,32,Male,Streetwear,Nike,255000,광주 충장로점 (Gwangju)
hyesoo-p@naver.com,27,Male,Fashionable,H&M,470000,롯데백화점 명동점 (Seoul)
jisoo-park@naver.com,50,Male,Casual,Nike,150000,압구정점 (Seoul)
choi.soobin88@yahoo.com,59,Male,Fashionable,H&M,270000,대구 동성로점 (Daegu)
hyunwoo.choi@gmail.com,50,Male,Streetwear,Puma,100000,부산 센텀시티점 (Busan)
choi.soobin88@yahoo.com,42,Female,Fashionable,Louis Vuitton,490000,광주 충장로점 (Gwangju)
choi.soobin88@yahoo.com,52,Female,Streetwear,Supreme,150000,대구 동성로점 (Daegu)
jiwoo.jung_1985@naver.com,33,Female,Fashionable,Zara,210000,대구 동성로점 (Daegu)
choi.soobin88@yahoo.com,59,Female,Sportswear,H&M,85000,부산 센텀시티점 (Busan)
hyesoo-p@naver.com,45,Female,Streetwear,Puma,290000,수원역점 (Suwon)
minho_lee45@outlook.com,45,Female,Sportswear,Puma,390000,부산 센텀시티점 (Busan)
hyunwoo.choi@gmail.com,42,Male,Casual,Zara,180000,강남점 (Seoul)
minho_lee45@outlook.com,18,Male,Casual,Adidas,220000,롯데백화점 명동점 (Seoul)
choi.soobin88@yahoo.com,45,Male,Sportswear,H&M,390000,신세계백화점 강남점 (Seoul)
minji.kim39@gmail.com,53,Female,Luxury,Gucci,395000,롯데백화점 부산본점 (Busan)
minji.kim39@gmail.com,56,Female,Streetwear,Adidas,65000,롯데백화점 부산본점 (Busan)
jiwoo.jung_1985@naver.com,41,Female,Streetwear,Nike,60000,신세계백화점 강남점 (Seoul)
hyesoo-p@naver.com,51,Male,Sportswear,Louis Vuitton,345000,압구정점 (Seoul)
jiwoo.jung_1985@naver.com,36,Male,Luxury,Puma,275000,강남점 (Seoul)
lee.donghae@daum.net,35,Male,Casual,Zara,390000,신세계백화점 강남점 (Seoul)
jiwoo.jung_1985@naver.com,32,Male,Luxury,Adidas,435000,압구정점 (Seoul)
hyesoo-p@naver.com,37,Female,Streetwear,Supreme,390000,대구 동성로점 (Daegu)
hyesoo-p@naver.com,58,Female,Sportswear,Gucci,370000,강남점 (Seoul)
minji.kim39@gmail.com,21,Male,Fashionable,Puma,235000,수원역점 (Suwon)
minho_lee45@outlook.com,54,Female,Sportswear,Puma,225000,대구 동성로점 (Daegu)
lee.donghae@daum.net,53,Male,Fashionable,Supreme,210000,광주 충장로점 (Gwangju)
minji.kim39@gmail.com,32,Male,Casual,Nike,105000,수원역점 (Suwon)
hyesoo-p@naver.com,44,Female,Fashionable,Gucci,375000,신세계백화점 강남점 (Seoul)
hyunwoo.choi@gmail.com,56,Female,Luxury,Adidas,230000,광주 충장로점 (Gwangju)
hyesoo-p@naver.com,39,Female,Casual,H&M,280000,롯데백화점 부산본점 (Busan)
jiwoo.jung_1985@naver.com,19,Female,Fashionable,Adidas,415000,부산 센텀시티점 (Busan)
minho_lee45@outlook.com,59,Male,Streetwear,Zara,165000,강남점 (Seoul)
choi.soobin88@yahoo.com,54,Female,Luxury,Puma,370000,수원역점 (Suwon)
jisoo-park@naver.com,52,Male,Fashionable,Supreme,100000,대구 동성로점 (Daegu)
seo_young_kim@kakao.com,36,Male,Fashionable,Zara,105000,수원역점 (Suwon)
jisoo-park@naver.com,35,Female,Sportswear,Louis Vuitton,160000,대구 동성로점 (Daegu)
jiwoo.jung_1985@naver.com,27,Female,Fashionable,Puma,380000,대전 은행동점 (Daejeon)
choi.soobin88@yahoo.com,19,Male,Streetwear,Nike,270000,롯데백화점 명동점 (Seoul)
hyunwoo.choi@gmail.com,49,Male,Streetwear,Louis Vuitton,235000,수원역점 (Suwon)
lee.donghae@daum.net,48,Male,Sportswear,Zara,175000,압구정점 (Seoul)
jiwoo.jung_1985@naver.com,26,Female,Fashionable,H&M,270000,부산 센텀시티점 (Busan)
minji.kim39@gmail.com,57,Male,Casual,H&M,155000,부산 센텀시티점 (Busan)
jiwoo.jung_1985@naver.com,50,Male,Fashionable,Zara,65000,압구정점 (Seoul)
choi.soobin88@yahoo.com,57,Female,Luxury,Supreme,160000,대전 은행동점 (Daejeon)
lee.donghae@daum.net,41,Female,Sportswear,Gucci,265000,롯데백화점 부산본점 (Busan)
lee.donghae@daum.net,56,Female,Casual,Zara,490000,신세계백화점 강남점 (Seoul)
lee.donghae@daum.net,50,Female,Luxury,Adidas,315000,압구정점 (Seoul)
hyesoo-p@naver.com,58,Female,Streetwear,Nike,215000,수원역점 (Suwon)
seo_young_kim@kakao.com,45,Male,Luxury,Nike,275000,부산 센텀시티점 (Busan)
minji.kim39@gmail.com,38,Male,Sportswear,H&M,330000,대전 은행동점 (Daejeon)
minho_lee45@outlook.com,53,Female,Luxury,Puma,130000,롯데백화점 명동점 (Seoul)
seo_young_kim@kakao.com,20,Female,Luxury,Louis Vuitton,330000,부산 센텀시티점 (Busan)
jisoo-park@naver.com,50,Male,Casual,Zara,250000,광주 충장로점 (Gwangju)
jisoo-park@naver.com,40,Female,Streetwear,Zara,170000,대전 은행동점 (Daejeon)
seo_young_kim@kakao.com,58,Female,Luxury,Adidas,115000,광주 충장로점 (Gwangju)
jisoo-park@naver.com,20,Female,Streetwear,Zara,275000,대전 은행동점 (Daejeon)
seo_young_kim@kakao.com,19,Female,Fashionable,H&M,490000,수원역점 (Suwon)
minji.kim39@gmail.com,59,Female,Streetwear,Puma,120000,신세계백화점 강남점 (Seoul)
yuna.kim23@gmail.com,51,Male,Luxury,Supreme,330000,강남점 (Seoul)
minji.kim39@gmail.com,24,Male,Fashionable,Adidas,220000,압구정점 (Seoul)
hyunwoo.choi@gmail.com,37,Male,Streetwear,Gucci,485000,신세계백화점 강남점 (Seoul)
minji.kim39@gmail.com,31,Female,Casual,Nike,405000,압구정점 (Seoul)
minho_lee45@outlook.com,55,Male,Sportswear,Louis Vuitton,405000,롯데백화점 명동점 (Seoul)
hyunwoo.choi@gmail.com,58,Female,Casual,Louis Vuitton,430000,강남점 (Seoul)
minho_lee45@outlook.com,57,Male,Streetwear,Gucci,210000,대구 동성로점 (Daegu)
hyunwoo.choi@gmail.com,18,Male,Casual,Supreme,450000,압구정점 (Seoul)
minji.kim39@gmail.com,46,Female,Fashionable,H&M,85000,롯데백화점 명동점 (Seoul)
jisoo-park@naver.com,40,Male,Luxury,Gucci,155000,대전 은행동점 (Daejeon)
jiwoo.jung_1985@naver.com,45,Female,Fashionable,Nike,75000,압구정점 (Seoul)
choi.soobin88@yahoo.com,47,Male,Streetwear,Supreme,460000,롯데백화점 부산본점 (Busan)
yuna.kim23@gmail.com,59,Male,Fashionable,Louis Vuitton,270000,강남점 (Seoul)
yuna.kim23@gmail.com,48,Male,Casual,Nike,310000,광주 충장로점 (Gwangju)
choi.soobin88@yahoo.com,34,Female,Sportswear,H&M,335000,부산 센텀시티점 (Busan)
hyesoo-p@naver.com,55,Female,Casual,Louis Vuitton,65000,수원역점 (Suwon)
minho_lee45@outlook.com,21,Female,Casual,Louis Vuitton,165000,광주 충장로점 (Gwangju)
minji.kim39@gmail.com,43,Female,Casual,Zara,295000,롯데백화점 부산본점 (Busan)
jiwoo.jung_1985@naver.com,52,Female,Sportswear,Zara,500000,강남점 (Seoul)
minho_lee45@outlook.com,41,Female,Fashionable,Puma,220000,부산 센텀시티점 (Busan)
hyesoo-p@naver.com,42,Female,Casual,Puma,380000,광주 충장로점 (Gwangju)
hyunwoo.choi@gmail.com,41,Male,Luxury,Supreme,250000,롯데백화점 명동점 (Seoul)
yuna.kim23@gmail.com,29,Male,Casual,Supreme,285000,광주 충장로점 (Gwangju)
yuna.kim23@gmail.com,25,Female,Sportswear,Supreme,480000,신세계백화점 강남점 (Seoul)
choi.soobin88@yahoo.com,58,Female,Casual,Gucci,260000,수원역점 (Suwon)
lee.donghae@daum.net,43,Male,Sportswear,H&M,300000,광주 충장로점 (Gwangju)
minji.kim39@gmail.com,29,Male,Casual,H&M,475000,롯데백화점 부산본점 (Busan)
hyesoo-p@naver.com,44,Male,Casual,Puma,145000,광주 충장로점 (Gwangju)
minho_lee45@outlook.com,37,Female,Fashionable,Nike,285000,광주 충장로점 (Gwangju)
minho_lee45@outlook.com,29,Female,Casual,H&M,430000,대구 동성로점 (Daegu)
lee.donghae@daum.net,58,Female,Luxury,H&M,170000,신세계백화점 강남점 (Seoul)
lee.donghae@daum.net,31,Male,Casual,Supreme,270000,광주 충장로점 (Gwangju)
seo_young_kim@kakao.com,53,Female,Fashionable,Nike,335000,강남점 (Seoul)
minho_lee45@outlook.com,47,Male,Luxury,H&M,200000,압구정점 (Seoul)
minji.kim39@gmail.com,27,Female,Sportswear,Louis Vuitton,455000,롯데백화점 부산본점 (Busan)
seo_young_kim@kakao.com,18,Male,Casual,Adidas,450000,대전 은행동점 (Daejeon)
seo_young_kim@kakao.com,45,Female,Luxury,Supreme,375000,롯데백화점 부산본점 (Busan)
hyunwoo.choi@gmail.com,20,Male,Sportswear,Nike,55000,롯데백화점 명동점 (Seoul)
hyunwoo.choi@gmail.com,43,Male,Casual,Nike,55000,신세계백화점 강남점 (Seoul)
seo_young_kim@kakao.com,58,Male,Streetwear,Adidas,135000,신세계백화점 강남점 (Seoul)
choi.soobin88@yahoo.com,49,Male,Fashionable,Louis Vuitton,430000,압구정점 (Seoul)
lee.donghae@daum.net,27,Male,Casual,Nike,75000,신세계백화점 강남점 (Seoul)
seo_young_kim@kakao.com,31,Female,Luxury,Adidas,415000,대전 은행동점 (Daejeon)
yuna.kim23@gmail.com,46,Female,Sportswear,Puma,385000,대구 동성로점 (Daegu)
minho_lee45@outlook.com,29,Male,Fashionable,Puma,400000,대구 동성로점 (Daegu)
yuna.kim23@gmail.com,51,Female,Casual,Supreme,155000,부산 센텀시티점 (Busan)
hyunwoo.choi@gmail.com,21,Male,Luxury,Adidas,315000,광주 충장로점 (Gwangju)
hyesoo-p@naver.com,44,Male,Luxury,Supreme,280000,롯데백화점 부산본점 (Busan)
lee.donghae@daum.net,29,Female,Streetwear,Zara,95000,부산 센텀시티점 (Busan)
hyesoo-p@naver.com,23,Female,Fashionable,Nike,305000,수원역점 (Suwon)
choi.soobin88@yahoo.com,51,Female,Luxury,Louis Vuitton,350000,부산 센텀시티점 (Busan)
minho_lee45@outlook.com,25,Female,Streetwear,Supreme,275000,부산 센텀시티점 (Busan)
jiwoo.jung_1985@naver.com,51,Female,Fashionable,Zara,155000,롯데백화점 명동점 (Seoul)
hyunwoo.choi@gmail.com,36,Male,Fashionable,Gucci,395000,롯데백화점 부산본점 (Busan)
yuna.kim23@gmail.com,42,Male,Fashionable,Supreme,55000,롯데백화점 명동점 (Seoul)
seo_young_kim@kakao.com,54,Female,Casual,H&M,95000,롯데백화점 부산본점 (Busan)
hyesoo-p@naver.com,35,Female,Casual,Nike,210000,대구 동성로점 (Daegu)
minji.kim39@gmail.com,35,Female,Fashionable,Supreme,415000,대구 동성로점 (Daegu)
hyesoo-p@naver.com,54,Male,Luxury,Puma,290000,롯데백화점 부산본점 (Busan)
hyesoo-p@naver.com,56,Male,Fashionable,H&M,330000,신세계백화점 강남점 (Seoul)
hyesoo-p@naver.com,31,Male,Sportswear,H&M,135000,롯데백화점 부산본점 (Busan)
yuna.kim23@gmail.com,33,Female,Luxury,Gucci,300000,강남점 (Seoul)
choi.soobin88@yahoo.com,18,Female,Streetwear,Zara,150000,압구정점 (Seoul)
minho_lee45@outlook.com,51,Female,Sportswear,Louis Vuitton,435000,대구 동성로점 (Daegu)
jisoo-park@naver.com,58,Male,Luxury,Puma,360000,신세계백화점 강남점 (Seoul)
yuna.kim23@gmail.com,56,Male,Sportswear,Adidas,285000,수원역점 (Suwon)
hyunwoo.choi@gmail.com,18,Male,Streetwear,Adidas,410000,대전 은행동점 (Daejeon)
hyesoo-p@naver.com,28,Male,Casual,Nike,105000,롯데백화점 부산본점 (Busan)
minho_lee45@outlook.com,32,Female,Casual,Supreme,460000,신세계백화점 강남점 (Seoul)
jisoo-park@naver.com,49,Male,Streetwear,Puma,295000,부산 센텀시티점 (Busan)
choi.soobin88@yahoo.com,40,Male,Fashionable,Gucci,95000,수원역점 (Suwon)
choi.soobin88@yahoo.com,29,Male,Streetwear,Gucci,90000,수원역점 (Suwon)
jiwoo.jung_1985@naver.com,37,Male,Luxury,Gucci,400000,대구 동성로점 (Daegu)
hyesoo-p@naver.com,38,Female,Fashionable,Louis Vuitton,365000,대구 동성로점 (Daegu)
hyesoo-p@naver.com,26,Male,Casual,Puma,90000,롯데백화점 명동점 (Seoul)
hyunwoo.choi@gmail.com,34,Male,Luxury,Gucci,235000,대구 동성로점 (Daegu)
seo_young_kim@kakao.com,20,Male,Fashionable,H&M,135000,강남점 (Seoul)
minji.kim39@gmail.com,27,Male,Casual,Supreme,355000,강남점 (Seoul)
jiwoo.jung_1985@naver.com,45,Female,Luxury,H&M,460000,강남점 (Seoul)
minji.kim39@gmail.com,58,Male,Sportswear,H&M,105000,부산 센텀시티점 (Busan)
minji.kim39@gmail.com,22,Male,Casual,Zara,100000,압구정점 (Seoul)
minji.kim39@gmail.com,22,Female,Streetwear,Zara,385000,롯데백화점 부산본점 (Busan)
hyesoo-p@naver.com,24,Male,Casual,Louis Vuitton,315000,수원역점 (Suwon)
hyunwoo.choi@gmail.com,35,Male,Sportswear,Louis Vuitton,355000,압구정점 (Seoul)
jisoo-park@naver.com,34,Female,Luxury,Supreme,175000,압구정점 (Seoul)
seo_young_kim@kakao.com,57,Female,Fashionable,Adidas,340000,대구 동성로점 (Daegu)
yuna.kim23@gmail.com,29,Male,Fashionable,Puma,320000,광주 충장로점 (Gwangju)
lee.donghae@daum.net,42,Female,Fashionable,Nike,345000,롯데백화점 명동점 (Seoul)
hyunwoo.choi@gmail.com,57,Female,Luxury,Zara,340000,대구 동성로점 (Daegu)
lee.donghae@daum.net,31,Female,Fashionable,Louis Vuitton,210000,수원역점 (Suwon)
lee.donghae@daum.net,25,Male,Sportswear,Nike,370000,롯데백화점 부산본점 (Busan)
lee.donghae@daum.net,22,Male,Fashionable,Louis Vuitton,130000,광주 충장로점 (Gwangju)
minho_lee45@outlook.com,53,Female,Fashionable,Adidas,50000,롯데백화점 부산본점 (Busan)
minji.kim39@gmail.com,54,Female,Luxury,Zara,105000,부산 센텀시티점 (Busan)
seo_young_kim@kakao.com,54,Female,Streetwear,Zara,225000,신세계백화점 강남점 (Seoul)
jiwoo.jung_1985@naver.com,18,Female,Sportswear,Zara,290000,압구정점 (Seoul)
minho_lee45@outlook.com,44,Male,Streetwear,Gucci,115000,광주 충장로점 (Gwangju)
lee.donghae@daum.net,29,Female,Casual,H&M,480000,광주 충장로점 (Gwangju)
yuna.kim23@gmail.com,39,Male,Streetwear,Gucci,185000,롯데백화점 명동점 (Seoul)
lee.donghae@daum.net,33,Male,Luxury,Gucci,445000,신세계백화점 강남점 (Seoul)
minji.kim39@gmail.com,41,Female,Casual,Supreme,410000,부산 센텀시티점 (Busan)
yuna.kim23@gmail.com,35,Male,Casual,Puma,100000,롯데백화점 명동점 (Seoul)
choi.soobin88@yahoo.com,44,Female,Streetwear,H&M,390000,롯데백화점 부산본점 (Busan)
hyunwoo.choi@gmail.com,38,Male,Casual,Zara,295000,부산 센텀시티점 (Busan)
jiwoo.jung_1985@naver.com,19,Female,Casual,Gucci,170000,압구정점 (Seoul)
jiwoo.jung_1985@naver.com,59,Female,Casual,Supreme,180000,대구 동성로점 (Daegu)
seo_young_kim@kakao.com,26,Female,Luxury,Supreme,340000,부산 센텀시티점 (Busan)
seo_young_kim@kakao.com,57,Female,Casual,Zara,215000,광주 충장로점 (Gwangju)
jisoo-park@naver.com,27,Female,Luxury,Nike,85000,부산 센텀시티점 (Busan)
yuna.kim23@gmail.com,58,Female,Fashionable,Louis Vuitton,335000,롯데백화점 부산본점 (Busan)
lee.donghae@daum.net,49,Female,Streetwear,Gucci,345000,강남점 (Seoul)
lee.donghae@daum.net,22,Male,Sportswear,H&M,70000,강남점 (Seoul)
jisoo-park@naver.com,20,Female,Casual,H&M,190000,신세계백화점 강남점 (Seoul)
lee.donghae@daum.net,47,Male,Casual,Puma,285000,수원역점 (Suwon)
lee.donghae@daum.net,42,Male,Streetwear,Louis Vuitton,325000,롯데백화점 부산본점 (Busan)
seo_young_kim@kakao.com,41,Male,Streetwear,Supreme,195000,광주 충장로점 (Gwangju)
hyesoo-p@naver.com,49,Male,Streetwear,Nike,130000,신세계백화점 강남점 (Seoul)
hyesoo-p@naver.com,49,Female,Luxury,Adidas,195000,대전 은행동점 (Daejeon)
hyesoo-p@naver.com,58,Female,Casual,H&M,465000,부산 센텀시티점 (Busan)
lee.donghae@daum.net,55,Female,Luxury,Louis Vuitton,105000,대전 은행동점 (Daejeon)
lee.donghae@daum.net,48,Female,Streetwear,H&M,195000,대구 동성로점 (Daegu)
hyesoo-p@naver.com,52,Male,Streetwear,Nike,165000,대구 동성로점 (Daegu)
minji.kim39@gmail.com,45,Female,Fashionable,Supreme,370000,수원역점 (Suwon)
hyesoo-p@naver.com,40,Female,Streetwear,Gucci,130000,대전 은행동점 (Daejeon)
yuna.kim23@gmail.com,44,Male,Sportswear,Nike,80000,부산 센텀시티점 (Busan)
choi.soobin88@yahoo.com,20,Female,Streetwear,Supreme,235000,압구정점 (Seoul)
minho_lee45@outlook.com,26,Male,Luxury,Adidas,185000,대구 동성로점 (Daegu)
jiwoo.jung_1985@naver.com,57,Female,Luxury,Gucci,470000,압구정점 (Seoul)
hyesoo-p@naver.com,57,Female,Sportswear,Nike,350000,롯데백화점 명동점 (Seoul)
jisoo-park@naver.com,21,Female,Casual,Supreme,440000,롯데백화점 부산본점 (Busan)
hyunwoo.choi@gmail.com,50,Male,Sportswear,Puma,115000,롯데백화점 명동점 (Seoul)
jiwoo.jung_1985@naver.com,28,Male,Streetwear,Supreme,150000,신세계백화점 강남점 (Seoul)
hyunwoo.choi@gmail.com,42,Female,Luxury,Louis Vuitton,485000,압구정점 (Seoul)
lee.donghae@daum.net,28,Male,Casual,Zara,425000,강남점 (Seoul)
minho_lee45@outlook.com,32,Female,Fashionable,Louis Vuitton,280000,수원역점 (Suwon)
seo_young_kim@kakao.com,29,Female,Streetwear,Gucci,290000,강남점 (Seoul)
minji.kim39@gmail.com,32,Female,Sportswear,Supreme,400000,강남점 (Seoul)
hyunwoo.choi@gmail.com,27,Female,Sportswear,Supreme,120000,대전 은행동점 (Daejeon)
minji.kim39@gmail.com,50,Female,Streetwear,Adidas,415000,롯데백화점 명동점 (Seoul)
choi.soobin88@yahoo.com,31,Male,Luxury,Adidas,435000,신세계백화점 강남점 (Seoul)
lee.donghae@daum.net,26,Female,Fashionable,Gucci,240000,광주 충장로점 (Gwangju)
choi.soobin88@yahoo.com,32,Female,Luxury,Zara,280000,대전 은행동점 (Daejeon)
yuna.kim23@gmail.com,54,Female,Fashionable,Louis Vuitton,180000,신세계백화점 강남점 (Seoul)
yuna.kim23@gmail.com,33,Female,Luxury,Nike,205000,롯데백화점 부산본점 (Busan)
hyunwoo.choi@gmail.com,47,Male,Streetwear,H&M,210000,롯데백화점 명동점 (Seoul)
seo_young_kim@kakao.com,52,Male,Sportswear,Louis Vuitton,240000,수원역점 (Suwon)
hyesoo-p@naver.com,35,Female,Streetwear,Supreme,345000,수원역점 (Suwon)
yuna.kim23@gmail.com,30,Male,Sportswear,H&M,455000,수원역점 (Suwon)
lee.donghae@daum.net,40,Female,Sportswear,Zara,200000,대구 동성로점 (Daegu)
yuna.kim23@gmail.com,47,Female,Luxury,Adidas,205000,대구 동성로점 (Daegu)
seo_young_kim@kakao.com,55,Male,Luxury,Nike,445000,수원역점 (Suwon)
hyesoo-p@naver.com,57,Male,Fashionable,Gucci,215000,압구정점 (Seoul)
hyesoo-p@naver.com,33,Male,Luxury,Nike,325000,대전 은행동점 (Daejeon)
yuna.kim23@gmail.com,29,Female,Fashionable,Adidas,440000,롯데백화점 명동점 (Seoul)
yuna.kim23@gmail.com,57,Female,Fashionable,Puma,440000,광주 충장로점 (Gwangju)
yuna.kim23@gmail.com,47,Male,Casual,Gucci,475000,대전 은행동점 (Daejeon)
lee.donghae@daum.net,43,Male,Sportswear,Zara,300000,신세계백화점 강남점 (Seoul)
seo_young_kim@kakao.com,23,Female,Streetwear,Adidas,300000,부산 센텀시티점 (Busan)
minho_lee45@outlook.com,43,Male,Luxury,Zara,410000,광주 충장로점 (Gwangju)
minho_lee45@outlook.com,50,Male,Sportswear,Nike,440000,강남점 (Seoul)
seo_young_kim@kakao.com,47,Male,Luxury,Nike,185000,대구 동성로점 (Daegu)
seo_young_kim@kakao.com,59,Male,Fashionable,Adidas,240000,신세계백화점 강남점 (Seoul)
choi.soobin88@yahoo.com,28,Female,Casual,Adidas,230000,롯데백화점 명동점 (Seoul)
hyesoo-p@naver.com,29,Female,Luxury,Puma,420000,대전 은행동점 (Daejeon)
hyunwoo.choi@gmail.com,34,Female,Casual,H&M,315000,대구 동성로점 (Daegu)
minho_lee45@outlook.com,52,Male,Casual,Supreme,150000,롯데백화점 부산본점 (Busan)
choi.soobin88@yahoo.com,54,Female,Sportswear,Puma,90000,부산 센텀시티점 (Busan)
choi.soobin88@yahoo.com,39,Female,Fashionable,Nike,70000,롯데백화점 부산본점 (Busan)
lee.donghae@daum.net,35,Female,Sportswear,Gucci,495000,강남점 (Seoul)
minji.kim39@gmail.com,27,Male,Streetwear,H&M,485000,부산 센텀시티점 (Busan)
minji.kim39@gmail.com,32,Male,Sportswear,Puma,75000,수원역점 (Suwon)
minji.kim39@gmail.com,22,Female,Fashionable,H&M,485000,롯데백화점 부산본점 (Busan)
hyesoo-p@naver.com,29,Female,Luxury,Zara,90000,부산 센텀시티점 (Busan)
hyunwoo.choi@gmail.com,18,Male,Fashionable,Zara,65000,수원역점 (Suwon)
jiwoo.jung_1985@naver.com,51,Male,Sportswear,Louis Vuitton,165000,대전 은행동점 (Daejeon)
seo_young_kim@kakao.com,41,Female,Sportswear,Gucci,245000,롯데백화점 부산본점 (Busan)
hyunwoo.choi@gmail.com,29,Male,Streetwear,Louis Vuitton,490000,압구정점 (Seoul)
lee.donghae@daum.net,51,Male,Sportswear,Gucci,200000,신세계백화점 강남점 (Seoul)
minho_lee45@outlook.com,55,Male,Luxury,H&M,80000,대전 은행동점 (Daejeon)
hyesoo-p@naver.com,53,Male,Sportswear,Adidas,285000,광주 충장로점 (Gwangju)
hyesoo-p@naver.com,45,Male,Luxury,Puma,185000,수원역점 (Suwon)
lee.donghae@daum.net,25,Male,Sportswear,Zara,345000,강남점 (Seoul)
jisoo-park@naver.com,32,Female,Luxury,Nike,65000,롯데백화점 명동점 (Seoul)
jiwoo.jung_1985@naver.com,18,Male,Sportswear,Zara,355000,대구 동성로점 (Daegu)
yuna.kim23@gmail.com,30,Male,Fashionable,Adidas,220000,롯데백화점 명동점 (Seoul)
minji.kim39@gmail.com,42,Female,Fashionable,Adidas,165000,롯데백화점 명동점 (Seoul)
seo_young_kim@kakao.com,53,Male,Fashionable,Adidas,70000,수원역점 (Suwon)
seo_young_kim@kakao.com,33,Female,Fashionable,Supreme,430000,대전 은행동점 (Daejeon)
minji.kim39@gmail.com,46,Female,Luxury,Gucci,145000,대구 동성로점 (Daegu)
minji.kim39@gmail.com,42,Female,Sportswear,Supreme,340000,광주 충장로점 (Gwangju)
seo_young_kim@kakao.com,55,Male,Casual,Nike,360000,신세계백화점 강남점 (Seoul)
hyesoo-p@naver.com,53,Male,Casual,Supreme,335000,수원역점 (Suwon)
hyesoo-p@naver.com,28,Male,Sportswear,Adidas,420000,대전 은행동점 (Daejeon)
minji.kim39@gmail.com,25,Male,Fashionable,Puma,115000,신세계백화점 강남점 (Seoul)
minji.kim39@gmail.com,21,Female,Casual,Louis Vuitton,195000,롯데백화점 명동점 (Seoul)
jisoo-park@naver.com,58,Female,Streetwear,H&M,60000,대구 동성로점 (Daegu)
hyunwoo.choi@gmail.com,22,Female,Streetwear,Puma,345000,롯데백화점 명동점 (Seoul)
hyesoo-p@naver.com,44,Male,Sportswear,Nike,205000,대전 은행동점 (Daejeon)
seo_young_kim@kakao.com,47,Female,Streetwear,Adidas,405000,신세계백화점 강남점 (Seoul)
hyunwoo.choi@gmail.com,39,Male,Streetwear,Puma,305000,광주 충장로점 (Gwangju)
minho_lee45@outlook.com,45,Male,Streetwear,Adidas,460000,대구 동성로점 (Daegu)
hyunwoo.choi@gmail.com,36,Female,Casual,Puma,290000,광주 충장로점 (Gwangju)
choi.soobin88@yahoo.com,59,Female,Fashionable,Zara,120000,대전 은행동점 (Daejeon)
jiwoo.jung_1985@naver.com,34,Male,Luxury,Gucci,125000,롯데백화점 부산본점 (Busan)
minji.kim39@gmail.com,53,Female,Streetwear,Adidas,205000,강남점 (Seoul)
minji.kim39@gmail.com,45,Female,Casual,Gucci,250000,부산 센텀시티점 (Busan)
yuna.kim23@gmail.com,30,Female,Luxury,Supreme,375000,롯데백화점 명동점 (Seoul)
yuna.kim23@gmail.com,32,Male,Casual,Gucci,190000,수원역점 (Suwon)
jiwoo.jung_1985@naver.com,53,Female,Fashionable,Adidas,220000,대전 은행동점 (Daejeon)
hyesoo-p@naver.com,54,Female,Casual,Adidas,135000,대구 동성로점 (Daegu)
choi.soobin88@yahoo.com,41,Female,Sportswear,Louis Vuitton,240000,신세계백화점 강남점 (Seoul)
jisoo-park@naver.com,42,Male,Casual,H&M,305000,부산 센텀시티점 (Busan)
minji.kim39@gmail.com,43,Male,Luxury,Zara,455000,압구정점 (Seoul)
minho_lee45@outlook.com,26,Male,Fashionable,H&M,395000,수원역점 (Suwon)
lee.donghae@daum.net,33,Female,Streetwear,Supreme,490000,신세계백화점 강남점 (Seoul)
minho_lee45@outlook.com,41,Male,Casual,Louis Vuitton,415000,광주 충장로점 (Gwangju)
minho_lee45@outlook.com,22,Female,Luxury,H&M,420000,강남점 (Seoul)
hyunwoo.choi@gmail.com,36,Male,Streetwear,Gucci,240000,강남점 (Seoul)
minji.kim39@gmail.com,40,Female,Fashionable,Puma,150000,광주 충장로점 (Gwangju)
jisoo-park@naver.com,37,Male,Sportswear,Zara,475000,대전 은행동점 (Daejeon)
choi.soobin88@yahoo.com,40,Male,Casual,Puma,165000,부산 센텀시티점 (Busan)
jiwoo.jung_1985@naver.com,32,Female,Luxury,H&M,195000,광주 충장로점 (Gwangju)
seo_young_kim@kakao.com,25,Female,Luxury,Puma,350000,대구 동성로점 (Daegu)
seo_young_kim@kakao.com,48,Female,Fashionable,Adidas,55000,대구 동성로점 (Daegu)
lee.donghae@daum.net,24,Male,Fashionable,Nike,120000,롯데백화점 부산본점 (Busan)
lee.donghae@daum.net,43,Male,Sportswear,H&M,400000,광주 충장로점 (Gwangju)
jisoo-park@naver.com,34,Male,Luxury,Puma,95000,신세계백화점 강남점 (Seoul)
hyunwoo.choi@gmail.com,31,Female,Streetwear,Louis Vuitton,310000,신세계백화점 강남점 (Seoul)
jisoo-park@naver.com,25,Male,Luxury,Gucci,75000,롯데백화점 명동점 (Seoul)
choi.soobin88@yahoo.com,48,Female,Casual,Nike,405000,롯데백화점 명동점 (Seoul)
minji.kim39@gmail.com,56,Female,Casual,Adidas,275000,대구 동성로점 (Daegu)
jiwoo.jung_1985@naver.com,48,Female,Sportswear,Supreme,285000,신세계백화점 강남점 (Seoul)
jiwoo.jung_1985@naver.com,56,Male,Streetwear,Puma,340000,롯데백화점 부산본점 (Busan)
hyunwoo.choi@gmail.com,40,Male,Luxury,Zara,450000,대구 동성로점 (Daegu)
jisoo-park@naver.com,44,Female,Streetwear,Supreme,290000,부산 센텀시티점 (Busan)
jiwoo.jung_1985@naver.com,30,Male,Luxury,Adidas,340000,대구 동성로점 (Daegu)
minho_lee45@outlook.com,22,Male,Streetwear,Adidas,140000,부산 센텀시티점 (Busan)
seo_young_kim@kakao.com,57,Female,Luxury,Gucci,230000,부산 센텀시티점 (Busan)
lee.donghae@daum.net,42,Female,Casual,Supreme,495000,강남점 (Seoul)
minji.kim39@gmail.com,39,Male,Casual,Nike,485000,롯데백화점 명동점 (Seoul)
minho_lee45@outlook.com,50,Female,Sportswear,Louis Vuitton,260000,롯데백화점 명동점 (Seoul)
seo_young_kim@kakao.com,55,Male,Fashionable,H&M,295000,강남점 (Seoul)
hyunwoo.choi@gmail.com,40,Male,Casual,Puma,290000,롯데백화점 명동점 (Seoul)
jisoo-park@naver.com,34,Male,Luxury,Louis Vuitton,365000,압구정점 (Seoul)
minho_lee45@outlook.com,20,Male,Fashionable,Gucci,150000,압구정점 (Seoul)
minji.kim39@gmail.com,36,Female,Fashionable,Supreme,490000,대전 은행동점 (Daejeon)
minji.kim39@gmail.com,37,Female,Sportswear,Adidas,270000,압구정점 (Seoul)
jisoo-park@naver.com,20,Male,Sportswear,Louis Vuitton,495000,대전 은행동점 (Daejeon)
hyesoo-p@naver.com,39,Male,Casual,Louis Vuitton,180000,수원역점 (Suwon)
yuna.kim23@gmail.com,46,Female,Luxury,Puma,200000,롯데백화점 명동점 (Seoul)
hyunwoo.choi@gmail.com,26,Male,Streetwear,Louis Vuitton,450000,수원역점 (Suwon)
hyesoo-p@naver.com,49,Male,Sportswear,Gucci,380000,신세계백화점 강남점 (Seoul)
hyunwoo.choi@gmail.com,38,Female,Casual,Gucci,375000,대전 은행동점 (Daejeon)
lee.donghae@daum.net,42,Male,Sportswear,Louis Vuitton,95000,부산 센텀시티점 (Busan)
hyesoo-p@naver.com,30,Female,Luxury,Adidas,65000,롯데백화점 부산본점 (Busan)
lee.donghae@daum.net,57,Male,Streetwear,Supreme,315000,수원역점 (Suwon)
jisoo-park@naver.com,21,Female,Sportswear,H&M,170000,대구 동성로점 (Daegu)
yuna.kim23@gmail.com,52,Female,Fashionable,Zara,365000,롯데백화점 부산본점 (Busan)
lee.donghae@daum.net,35,Male,Casual,Supreme,230000,수원역점 (Suwon)
minho_lee45@outlook.com,31,Male,Luxury,H&M,75000,대구 동성로점 (Daegu)
minji.kim39@gmail.com,25,Male,Luxury,Zara,255000,신세계백화점 강남점 (Seoul)
minji.kim39@gmail.com,26,Female,Luxury,Adidas,230000,롯데백화점 명동점 (Seoul)
minho_lee45@outlook.com,48,Male,Casual,Adidas,75000,롯데백화점 명동점 (Seoul)
yuna.kim23@gmail.com,34,Female,Fashionable,Louis Vuitton,255000,대전 은행동점 (Daejeon)
lee.donghae@daum.net,41,Male,Luxury,Louis Vuitton,185000,압구정점 (Seoul)
yuna.kim23@gmail.com,42,Female,Sportswear,Supreme,260000,부산 센텀시티점 (Busan)
yuna.kim23@gmail.com,47,Female,Casual,Adidas,55000,대전 은행동점 (Daejeon)
jisoo-park@naver.com,44,Female,Streetwear,Louis Vuitton,170000,강남점 (Seoul)
seo_young_kim@kakao.com,56,Female,Luxury,Louis Vuitton,480000,압구정점 (Seoul)
hyesoo-p@naver.com,23,Male,Fashionable,Adidas,130000,강남점 (Seoul)
minho_lee45@outlook.com,18,Female,Luxury,Puma,375000,롯데백화점 명동점 (Seoul)
seo_young_kim@kakao.com,48,Female,Fashionable,Zara,175000,수원역점 (Suwon)
jisoo-park@naver.com,46,Male,Sportswear,Adidas,100000,수원역점 (Suwon)
minji.kim39@gmail.com,18,Female,Streetwear,H&M,295000,광주 충장로점 (Gwangju)
lee.donghae@daum.net,31,Female,Casual,Puma,385000,광주 충장로점 (Gwangju)
choi.soobin88@yahoo.com,26,Male,Sportswear,Puma,350000,수원역점 (Suwon)
lee.donghae@daum.net,32,Male,Luxury,Adidas,100000,롯데백화점 명동점 (Seoul)
yuna.kim23@gmail.com,58,Female,Luxury,H&M,180000,압구정점 (Seoul)
jisoo-park@naver.com,44,Male,Luxury,Gucci,475000,신세계백화점 강남점 (Seoul)
minho_lee45@outlook.com,58,Male,Sportswear,Louis Vuitton,165000,부산 센텀시티점 (Busan)
jisoo-park@naver.com,25,Female,Luxury,Supreme,450000,수원역점 (Suwon)
minho_lee45@outlook.com,47,Female,Luxury,Supreme,380000,광주 충장로점 (Gwangju)
choi.soobin88@yahoo.com,31,Female,Casual,Supreme,240000,대전 은행동점 (Daejeon)
choi.soobin88@yahoo.com,22,Female,Fashionable,Nike,340000,부산 센텀시티점 (Busan)
lee.donghae@daum.net,31,Male,Luxury,Zara,410000,수원역점 (Suwon)
lee.donghae@daum.net,18,Male,Sportswear,Gucci,455000,수원역점 (Suwon)
hyunwoo.choi@gmail.com,41,Male,Casual,Adidas,125000,압구정점 (Seoul)
minji.kim39@gmail.com,42,Male,Casual,Gucci,370000,수원역점 (Suwon)
seo_young_kim@kakao.com,36,Male,Casual,Zara,460000,대전 은행동점 (Daejeon)
seo_young_kim@kakao.com,51,Male,Streetwear,H&M,455000,강남점 (Seoul)
hyesoo-p@naver.com,43,Female,Streetwear,Puma,495000,롯데백화점 명동점 (Seoul)
seo_young_kim@kakao.com,21,Female,Luxury,Zara,160000,압구정점 (Seoul)
choi.soobin88@yahoo.com,39,Male,Casual,Louis Vuitton,250000,수원역점 (Suwon)
jiwoo.jung_1985@naver.com,41,Male,Sportswear,Nike,415000,대구 동성로점 (Daegu)
jisoo-park@naver.com,42,Male,Sportswear,Zara,50000,롯데백화점 부산본점 (Busan)
hyunwoo.choi@gmail.com,57,Female,Luxury,H&M,115000,강남점 (Seoul)
minji.kim39@gmail.com,32,Male,Luxury,Louis Vuitton,280000,대전 은행동점 (Daejeon)
yuna.kim23@gmail.com,33,Female,Casual,H&M,425000,롯데백화점 부산본점 (Busan)
lee.donghae@daum.net,53,Female,Casual,Gucci,115000,대구 동성로점 (Daegu)
jiwoo.jung_1985@naver.com,43,Female,Sportswear,Zara,75000,롯데백화점 명동점 (Seoul)
seo_young_kim@kakao.com,44,Female,Luxury,Adidas,355000,대구 동성로점 (Daegu)
jisoo-park@naver.com,19,Male,Streetwear,Gucci,190000,강남점 (Seoul)
seo_young_kim@kakao.com,58,Male,Sportswear,Adidas,480000,수원역점 (Suwon)
lee.donghae@daum.net,31,Male,Casual,Gucci,325000,대전 은행동점 (Daejeon)
hyunwoo.choi@gmail.com,57,Male,Sportswear,Puma,170000,롯데백화점 명동점 (Seoul)
jiwoo.jung_1985@naver.com,29,Male,Sportswear,Puma,350000,신세계백화점 강남점 (Seoul)
seo_young_kim@kakao.com,45,Male,Luxury,H&M,310000,부산 센텀시티점 (Busan)
minji.kim39@gmail.com,53,Female,Streetwear,Zara,80000,수원역점 (Suwon)
hyesoo-p@naver.com,45,Male,Luxury,Nike,425000,압구정점 (Seoul)
minji.kim39@gmail.com,22,Male,Luxury,Zara,205000,강남점 (Seoul)
seo_young_kim@kakao.com,42,Male,Fashionable,Puma,345000,대구 동성로점 (Daegu)
hyesoo-p@naver.com,32,Male,Fashionable,H&M,325000,대구 동성로점 (Daegu)
choi.soobin88@yahoo.com,46,Female,Streetwear,Nike,405000,압구정점 (Seoul)
jisoo-park@naver.com,59,Female,Fashionable,Supreme,120000,대구 동성로점 (Daegu)
jiwoo.jung_1985@naver.com,59,Female,Fashionable,Zara,355000,수원역점 (Suwon)
yuna.kim23@gmail.com,52,Male,Luxury,Louis Vuitton,390000,광주 충장로점 (Gwangju)
lee.donghae@daum.net,51,Male,Fashionable,Zara,50000,강남점 (Seoul)
choi.soobin88@yahoo.com,47,Male,Sportswear,H&M,230000,수원역점 (Suwon)
jisoo-park@naver.com,58,Male,Streetwear,Zara,415000,대전 은행동점 (Daejeon)
jisoo-park@naver.com,22,Male,Fashionable,Supreme,115000,광주 충장로점 (Gwangju)
jisoo-park@naver.com,22,Female,Luxury,Puma,155000,수원역점 (Suwon)
hyesoo-p@naver.com,20,Male,Streetwear,Nike,145000,롯데백화점 명동점 (Seoul)
choi.soobin88@yahoo.com,22,Male,Casual,Supreme,260000,수원역점 (Suwon)
jisoo-park@naver.com,59,Male,Fashionable,Zara,150000,롯데백화점 부산본점 (Busan)
seo_young_kim@kakao.com,18,Male,Sportswear,Adidas,175000,대구 동성로점 (Daegu)
seo_young_kim@kakao.com,52,Female,Fashionable,Zara,325000,신세계백화점 강남점 (Seoul)
jiwoo.jung_1985@naver.com,49,Male,Streetwear,Puma,335000,부산 센텀시티점 (Busan)
hyunwoo.choi@gmail.com,38,Male,Casual,Supreme,300000,압구정점 (Seoul)
yuna.kim23@gmail.com,53,Female,Sportswear,Nike,75000,부산 센텀시티점 (Busan)
seo_young_kim@kakao.com,30,Male,Fashionable,Adidas,95000,광주 충장로점 (Gwangju)
minho_lee45@outlook.com,37,Male,Fashionable,Puma,335000,압구정점 (Seoul)
jiwoo.jung_1985@naver.com,36,Male,Casual,Zara,440000,대전 은행동점 (Daejeon)
hyunwoo.choi@gmail.com,35,Male,Casual,Gucci,430000,수원역점 (Suwon)
yuna.kim23@gmail.com,47,Male,Casual,Gucci,110000,압구정점 (Seoul)
jisoo-park@naver.com,39,Female,Streetwear,Louis Vuitton,365000,대전 은행동점 (Daejeon)
jisoo-park@naver.com,18,Female,Casual,Adidas,315000,부산 센텀시티점 (Busan)
hyesoo-p@naver.com,30,Female,Casual,Louis Vuitton,145000,광주 충장로점 (Gwangju)
jiwoo.jung_1985@naver.com,55,Female,Sportswear,Adidas,335000,대구 동성로점 (Daegu)
choi.soobin88@yahoo.com,32,Male,Streetwear,H&M,465000,수원역점 (Suwon)
seo_young_kim@kakao.com,41,Female,Luxury,H&M,155000,대전 은행동점 (Daejeon)
minji.kim39@gmail.com,58,Male,Luxury,H&M,480000,롯데백화점 명동점 (Seoul)
seo_young_kim@kakao.com,57,Male,Luxury,Zara,70000,대구 동성로점 (Daegu)
lee.donghae@daum.net,19,Male,Sportswear,Gucci,310000,부산 센텀시티점 (Busan)
lee.donghae@daum.net,50,Female,Fashionable,Adidas,460000,강남점 (Seoul)
minji.kim39@gmail.com,44,Male,Sportswear,Adidas,455000,롯데백화점 부산본점 (Busan)
seo_young_kim@kakao.com,27,Male,Casual,Adidas,280000,압구정점 (Seoul)
jisoo-park@naver.com,53,Male,Streetwear,Nike,445000,수원역점 (Suwon)
hyesoo-p@naver.com,30,Female,Luxury,Supreme,100000,신세계백화점 강남점 (Seoul)
choi.soobin88@yahoo.com,49,Male,Fashionable,Puma,240000,롯데백화점 명동점 (Seoul)
minho_lee45@outlook.com,38,Male,Casual,Puma,230000,롯데백화점 부산본점 (Busan)
seo_young_kim@kakao.com,33,Female,Fashionable,H&M,355000,강남점 (Seoul)
choi.soobin88@yahoo.com,59,Male,Streetwear,Nike,425000,롯데백화점 부산본점 (Busan)
seo_young_kim@kakao.com,42,Female,Streetwear,Nike,460000,부산 센텀시티점 (Busan)
jiwoo.jung_1985@naver.com,47,Male,Luxury,Puma,325000,강남점 (Seoul)
seo_young_kim@kakao.com,45,Male,Casual,Puma,145000,압구정점 (Seoul)
yuna.kim23@gmail.com,34,Female,Luxury,Louis Vuitton,120000,대전 은행동점 (Daejeon)
jiwoo.jung_1985@naver.com,44,Female,Sportswear,Supreme,90000,대전 은행동점 (Daejeon)
jiwoo.jung_1985@naver.com,26,Male,Casual,Adidas,335000,롯데백화점 명동점 (Seoul)
minho_lee45@outlook.com,30,Female,Sportswear,Louis Vuitton,390000,롯데백화점 명동점 (Seoul)
hyunwoo.choi@gmail.com,55,Male,Luxury,Nike,405000,광주 충장로점 (Gwangju)
choi.soobin88@yahoo.com,39,Female,Fashionable,Nike,175000,강남점 (Seoul)
yuna.kim23@gmail.com,59,Male,Sportswear,Gucci,345000,롯데백화점 부산본점 (Busan)
yuna.kim23@gmail.com,40,Male,Luxury,Zara,310000,압구정점 (Seoul)
minji.kim39@gmail.com,24,Female,Streetwear,Puma,445000,수원역점 (Suwon)
jiwoo.jung_1985@naver.com,48,Female,Streetwear,Supreme,410000,압구정점 (Seoul)
hyunwoo.choi@gmail.com,24,Male,Casual,Supreme,100000,롯데백화점 명동점 (Seoul)
jiwoo.jung_1985@naver.com,44,Male,Fashionable,H&M,430000,롯데백화점 명동점 (Seoul)
jisoo-park@naver.com,54,Male,Streetwear,Adidas,250000,대구 동성로점 (Daegu)
jisoo-park@naver.com,58,Female,Sportswear,Nike,345000,롯데백화점 명동점 (Seoul)
hyesoo-p@naver.com,31,Male,Luxury,Louis Vuitton,470000,강남점 (Seoul)
jisoo-park@naver.com,34,Male,Sportswear,Supreme,70000,롯데백화점 명동점 (Seoul)
choi.soobin88@yahoo.com,28,Male,Fashionable,Zara,380000,부산 센텀시티점 (Busan)
jisoo-park@naver.com,22,Female,Luxury,Adidas,130000,롯데백화점 부산본점 (Busan)
seo_young_kim@kakao.com,18,Female,Luxury,Zara,115000,신세계백화점 강남점 (Seoul)
minji.kim39@gmail.com,25,Male,Sportswear,Puma,305000,광주 충장로점 (Gwangju)
jisoo-park@naver.com,22,Female,Fashionable,Nike,80000,롯데백화점 명동점 (Seoul)
hyunwoo.choi@gmail.com,46,Female,Sportswear,Louis Vuitton,435000,대전 은행동점 (Daejeon)
jiwoo.jung_1985@naver.com,57,Female,Streetwear,Gucci,95000,강남점 (Seoul)
choi.soobin88@yahoo.com,49,Female,Streetwear,Nike,320000,부산 센텀시티점 (Busan)
hyunwoo.choi@gmail.com,24,Female,Sportswear,Zara,400000,대전 은행동점 (Daejeon)
seo_young_kim@kakao.com,30,Female,Fashionable,H&M,370000,신세계백화점 강남점 (Seoul)
seo_young_kim@kakao.com,43,Female,Fashionable,H&M,50000,광주 충장로점 (Gwangju)
jisoo-park@naver.com,41,Female,Sportswear,Gucci,60000,신세계백화점 강남점 (Seoul)
yuna.kim23@gmail.com,44,Male,Luxury,Gucci,425000,압구정점 (Seoul)
lee.donghae@daum.net,43,Male,Fashionable,Supreme,395000,압구정점 (Seoul)
minji.kim39@gmail.com,27,Male,Streetwear,Zara,450000,롯데백화점 부산본점 (Busan)
hyunwoo.choi@gmail.com,23,Male,Luxury,Gucci,370000,신세계백화점 강남점 (Seoul)
hyesoo-p@naver.com,18,Male,Streetwear,Zara,145000,롯데백화점 명동점 (Seoul)
hyesoo-p@naver.com,59,Male,Streetwear,Zara,215000,롯데백화점 명동점 (Seoul)
minho_lee45@outlook.com,28,Male,Fashionable,H&M,160000,광주 충장로점 (Gwangju)
choi.soobin88@yahoo.com,53,Male,Fashionable,Gucci,490000,수원역점 (Suwon)
lee.donghae@daum.net,26,Female,Fashionable,H&M,120000,롯데백화점 명동점 (Seoul)
minho_lee45@outlook.com,19,Male,Casual,Supreme,95000,신세계백화점 강남점 (Seoul)
minji.kim39@gmail.com,23,Female,Luxury,Gucci,415000,광주 충장로점 (Gwangju)
hyunwoo.choi@gmail.com,53,Male,Streetwear,Gucci,420000,대구 동성로점 (Daegu)
minho_lee45@outlook.com,36,Female,Casual,Adidas,270000,강남점 (Seoul)
yuna.kim23@gmail.com,40,Male,Casual,Supreme,310000,압구정점 (Seoul)
lee.donghae@daum.net,22,Female,Luxury,Louis Vuitton,105000,대구 동성로점 (Daegu)
hyunwoo.choi@gmail.com,46,Male,Sportswear,Gucci,100000,롯데백화점 명동점 (Seoul)
choi.soobin88@yahoo.com,38,Male,Sportswear,Adidas,355000,부산 센텀시티점 (Busan)
hyunwoo.choi@gmail.com,34,Female,Sportswear,Louis Vuitton,460000,롯데백화점 부산본점 (Busan)
choi.soobin88@yahoo.com,19,Female,Casual,Zara,420000,롯데백화점 명동점 (Seoul)
jisoo-park@naver.com,22,Male,Casual,Puma,445000,신세계백화점 강남점 (Seoul)
lee.donghae@daum.net,38,Female,Sportswear,Puma,175000,수원역점 (Suwon)
jisoo-park@naver.com,37,Male,Casual,Gucci,235000,신세계백화점 강남점 (Seoul)
hyunwoo.choi@gmail.com,48,Male,Luxury,H&M,415000,대구 동성로점 (Daegu)
yuna.kim23@gmail.com,48,Male,Streetwear,Supreme,60000,롯데백화점 명동점 (Seoul)
minji.kim39@gmail.com,30,Female,Streetwear,Puma,110000,강남점 (Seoul)
hyunwoo.choi@gmail.com,25,Female,Casual,Puma,290000,대구 동성로점 (Daegu)
minho_lee45@outlook.com,51,Female,Casual,Supreme,445000,신세계백화점 강남점 (Seoul)
hyesoo-p@naver.com,50,Male,Sportswear,Adidas,55000,강남점 (Seoul)
jiwoo.jung_1985@naver.com,24,Male,Fashionable,H&M,225000,광주 충장로점 (Gwangju)
minji.kim39@gmail.com,38,Male,Streetwear,Nike,440000,대전 은행동점 (Daejeon)
yuna.kim23@gmail.com,31,Female,Fashionable,Adidas,160000,대전 은행동점 (Daejeon)
minji.kim39@gmail.com,40,Male,Sportswear,Puma,75000,강남점 (Seoul)
minji.kim39@gmail.com,33,Female,Luxury,Supreme,410000,롯데백화점 부산본점 (Busan)
choi.soobin88@yahoo.com,39,Female,Luxury,H&M,185000,수원역점 (Suwon)
seo_young_kim@kakao.com,37,Female,Sportswear,Gucci,145000,부산 센텀시티점 (Busan)
yuna.kim23@gmail.com,26,Female,Casual,Nike,90000,신세계백화점 강남점 (Seoul)
hyunwoo.choi@gmail.com,36,Male,Sportswear,Nike,80000,대구 동성로점 (Daegu)
seo_young_kim@kakao.com,27,Male,Sportswear,Gucci,465000,압구정점 (Seoul)
jisoo-park@naver.com,26,Female,Fashionable,Supreme,310000,신세계백화점 강남점 (Seoul)
yuna.kim23@gmail.com,31,Female,Casual,Louis Vuitton,320000,롯데백화점 부산본점 (Busan)
minji.kim39@gmail.com,25,Female,Luxury,Zara,485000,수원역점 (Suwon)
seo_young_kim@kakao.com,39,Female,Streetwear,Supreme,225000,대구 동성로점 (Daegu)
lee.donghae@daum.net,44,Female,Streetwear,Puma,250000,부산 센텀시티점 (Busan)
yuna.kim23@gmail.com,22,Female,Casual,Nike,375000,압구정점 (Seoul)
jiwoo.jung_1985@naver.com,54,Female,Luxury,Nike,235000,부산 센텀시티점 (Busan)
choi.soobin88@yahoo.com,36,Female,Fashionable,Supreme,215000,강남점 (Seoul)
seo_young_kim@kakao.com,58,Female,Streetwear,Gucci,190000,부산 센텀시티점 (Busan)
minho_lee45@outlook.com,54,Male,Streetwear,Gucci,315000,광주 충장로점 (Gwangju)
lee.donghae@daum.net,22,Female,Casual,Puma,145000,대전 은행동점 (Daejeon)
minho_lee45@outlook.com,51,Female,Luxury,Gucci,500000,신세계백화점 강남점 (Seoul)
lee.donghae@daum.net,28,Male,Casual,H&M,295000,강남점 (Seoul)
hyesoo-p@naver.com,24,Female,Luxury,Zara,340000,압구정점 (Seoul)
seo_young_kim@kakao.com,55,Male,Sportswear,Zara,90000,강남점 (Seoul)
choi.soobin88@yahoo.com,38,Female,Fashionable,Louis Vuitton,470000,강남점 (Seoul)
lee.donghae@daum.net,19,Male,Fashionable,Nike,220000,압구정점 (Seoul)
choi.soobin88@yahoo.com,24,Male,Fashionable,Supreme,205000,대구 동성로점 (Daegu)
hyunwoo.choi@gmail.com,35,Male,Luxury,Supreme,200000,롯데백화점 부산본점 (Busan)
jiwoo.jung_1985@naver.com,58,Male,Luxury,Puma,270000,롯데백화점 부산본점 (Busan)
jisoo-park@naver.com,38,Female,Sportswear,Louis Vuitton,55000,대전 은행동점 (Daejeon)
yuna.kim23@gmail.com,46,Male,Casual,Nike,230000,롯데백화점 부산본점 (Busan)
lee.donghae@daum.net,55,Female,Casual,Nike,435000,부산 센텀시티점 (Busan)
jiwoo.jung_1985@naver.com,21,Female,Streetwear,H&M,275000,부산 센텀시티점 (Busan)
minji.kim39@gmail.com,53,Female,Streetwear,Supreme,350000,압구정점 (Seoul)
yuna.kim23@gmail.com,52,Female,Casual,H&M,320000,신세계백화점 강남점 (Seoul)
minji.kim39@gmail.com,23,Female,Fashionable,Gucci,210000,광주 충장로점 (Gwangju)
minji.kim39@gmail.com,28,Female,Casual,Louis Vuitton,170000,대전 은행동점 (Daejeon)
jiwoo.jung_1985@naver.com,42,Female,Sportswear,Puma,375000,신세계백화점 강남점 (Seoul)
jisoo-park@naver.com,53,Male,Streetwear,Supreme,235000,강남점 (Seoul)
jiwoo.jung_1985@naver.com,23,Male,Luxury,Nike,90000,광주 충장로점 (Gwangju)
minho_lee45@outlook.com,29,Female,Fashionable,Zara,55000,강남점 (Seoul)
yuna.kim23@gmail.com,20,Female,Casual,Louis Vuitton,160000,광주 충장로점 (Gwangju)
jisoo-park@naver.com,40,Male,Casual,Louis Vuitton,150000,부산 센텀시티점 (Busan)
jiwoo.jung_1985@naver.com,55,Female,Fashionable,Puma,365000,신세계백화점 강남점 (Seoul)
yuna.kim23@gmail.com,59,Female,Streetwear,Adidas,265000,압구정점 (Seoul)
minji.kim39@gmail.com,30,Female,Streetwear,Nike,435000,대전 은행동점 (Daejeon)
minho_lee45@outlook.com,34,Male,Casual,Zara,135000,압구정점 (Seoul)
jiwoo.jung_1985@naver.com,50,Male,Fashionable,H&M,325000,압구정점 (Seoul)
minho_lee45@outlook.com,34,Female,Fashionable,Gucci,425000,롯데백화점 부산본점 (Busan)
minji.kim39@gmail.com,20,Male,Fashionable,Supreme,275000,부산 센텀시티점 (Busan)
jiwoo.jung_1985@naver.com,59,Female,Streetwear,Nike,415000,수원역점 (Suwon)
seo_young_kim@kakao.com,38,Female,Luxury,Supreme,340000,대구 동성로점 (Daegu)
seo_young_kim@kakao.com,49,Female,Fashionable,Adidas,490000,광주 충장로점 (Gwangju)
hyesoo-p@naver.com,41,Male,Casual,Louis Vuitton,455000,롯데백화점 부산본점 (Busan)
yuna.kim23@gmail.com,18,Female,Streetwear,Gucci,435000,수원역점 (Suwon)
lee.donghae@daum.net,55,Male,Sportswear,Puma,440000,롯데백화점 명동점 (Seoul)
lee.donghae@daum.net,24,Male,Luxury,Puma,265000,대구 동성로점 (Daegu)
hyunwoo.choi@gmail.com,31,Female,Sportswear,Louis Vuitton,410000,대전 은행동점 (Daejeon)
jisoo-park@naver.com,30,Female,Fashionable,H&M,415000,강남점 (Seoul)
choi.soobin88@yahoo.com,49,Female,Luxury,Nike,200000,대구 동성로점 (Daegu)
minji.kim39@gmail.com,46,Male,Fashionable,Gucci,310000,광주 충장로점 (Gwangju)
hyesoo-p@naver.com,37,Female,Fashionable,Louis Vuitton,140000,부산 센텀시티점 (Busan)
hyunwoo.choi@gmail.com,36,Male,Casual,Louis Vuitton,340000,롯데백화점 명동점 (Seoul)
hyunwoo.choi@gmail.com,57,Male,Streetwear,Puma,145000,대전 은행동점 (Daejeon)
lee.donghae@daum.net,20,Male,Streetwear,Louis Vuitton,300000,대전 은행동점 (Daejeon)
lee.donghae@daum.net,34,Female,Fashionable,Gucci,205000,대전 은행동점 (Daejeon)
choi.soobin88@yahoo.com,40,Female,Casual,H&M,155000,대구 동성로점 (Daegu)
jisoo-park@naver.com,42,Male,Casual,Nike,460000,광주 충장로점 (Gwangju)
hyunwoo.choi@gmail.com,26,Female,Fashionable,Zara,410000,광주 충장로점 (Gwangju)
hyunwoo.choi@gmail.com,49,Male,Casual,Supreme,305000,수원역점 (Suwon)
minji.kim39@gmail.com,19,Female,Casual,Zara,250000,부산 센텀시티점 (Busan)
hyunwoo.choi@gmail.com,42,Male,Luxury,Louis Vuitton,390000,압구정점 (Seoul)
yuna.kim23@gmail.com,46,Female,Luxury,Nike,55000,수원역점 (Suwon)
choi.soobin88@yahoo.com,40,Male,Luxury,Nike,160000,부산 센텀시티점 (Busan)
hyesoo-p@naver.com,31,Female,Streetwear,Puma,445000,롯데백화점 부산본점 (Busan)
jisoo-park@naver.com,46,Female,Streetwear,Zara,85000,압구정점 (Seoul)
minho_lee45@outlook.com,22,Male,Sportswear,Supreme,315000,대전 은행동점 (Daejeon)
choi.soobin88@yahoo.com,32,Female,Streetwear,Louis Vuitton,455000,롯데백화점 부산본점 (Busan)
hyesoo-p@naver.com,29,Male,Sportswear,Louis Vuitton,320000,부산 센텀시티점 (Busan)
yuna.kim23@gmail.com,33,Female,Casual,Puma,70000,광주 충장로점 (Gwangju)
lee.donghae@daum.net,32,Female,Casual,Supreme,480000,롯데백화점 부산본점 (Busan)
jiwoo.jung_1985@naver.com,41,Male,Luxury,Nike,105000,신세계백화점 강남점 (Seoul)
minho_lee45@outlook.com,18,Female,Fashionable,Adidas,290000,부산 센텀시티점 (Busan)
jiwoo.jung_1985@naver.com,45,Female,Streetwear,Gucci,395000,광주 충장로점 (Gwangju)
seo_young_kim@kakao.com,39,Male,Fashionable,H&M,400000,강남점 (Seoul)
seo_young_kim@kakao.com,32,Male,Sportswear,Louis Vuitton,465000,압구정점 (Seoul)
minji.kim39@gmail.com,42,Female,Luxury,Louis Vuitton,455000,강남점 (Seoul)
seo_young_kim@kakao.com,36,Female,Streetwear,Puma,405000,광주 충장로점 (Gwangju)
minji.kim39@gmail.com,54,Female,Casual,Supreme,400000,신세계백화점 강남점 (Seoul)
hyesoo-p@naver.com,32,Female,Sportswear,H&M,200000,부산 센텀시티점 (Busan)
lee.donghae@daum.net,29,Male,Streetwear,H&M,480000,대전 은행동점 (Daejeon)
seo_young_kim@kakao.com,31,Female,Sportswear,Gucci,65000,롯데백화점 부산본점 (Busan)
minho_lee45@outlook.com,27,Male,Sportswear,Nike,230000,강남점 (Seoul)
minho_lee45@outlook.com,47,Female,Fashionable,Nike,215000,압구정점 (Seoul)
yuna.kim23@gmail.com,29,Female,Streetwear,Adidas,320000,압구정점 (Seoul)
jiwoo.jung_1985@naver.com,38,Female,Casual,H&M,365000,롯데백화점 명동점 (Seoul)
lee.donghae@daum.net,28,Male,Luxury,Gucci,475000,롯데백화점 부산본점 (Busan)
jiwoo.jung_1985@naver.com,26,Female,Casual,Supreme,300000,롯데백화점 명동점 (Seoul)
seo_young_kim@kakao.com,49,Male,Sportswear,Adidas,230000,수원역점 (Suwon)
jiwoo.jung_1985@naver.com,21,Female,Streetwear,Nike,130000,광주 충장로점 (Gwangju)
jisoo-park@naver.com,48,Male,Luxury,Nike,375000,대전 은행동점 (Daejeon)
minji.kim39@gmail.com,28,Male,Fashionable,Nike,215000,대전 은행동점 (Daejeon)
hyunwoo.choi@gmail.com,42,Male,Streetwear,Supreme,65000,광주 충장로점 (Gwangju)
minho_lee45@outlook.com,56,Male,Sportswear,Gucci,170000,롯데백화점 명동점 (Seoul)
yuna.kim23@gmail.com,47,Female,Sportswear,Adidas,485000,압구정점 (Seoul)
hyesoo-p@naver.com,42,Female,Sportswear,H&M,500000,롯데백화점 부산본점 (Busan)
lee.donghae@daum.net,58,Male,Casual,Nike,80000,압구정점 (Seoul)
hyunwoo.choi@gmail.com,19,Female,Casual,Supreme,165000,대구 동성로점 (Daegu)
choi.soobin88@yahoo.com,28,Female,Casual,Nike,360000,압구정점 (Seoul)
minho_lee45@outlook.com,18,Male,Luxury,Louis Vuitton,95000,강남점 (Seoul)
choi.soobin88@yahoo.com,36,Female,Casual,Louis Vuitton,105000,수원역점 (Suwon)
minho_lee45@outlook.com,42,Male,Sportswear,H&M,200000,대구 동성로점 (Daegu)
hyunwoo.choi@gmail.com,56,Male,Fashionable,Adidas,500000,롯데백화점 명동점 (Seoul)
minho_lee45@outlook.com,21,Male,Streetwear,Zara,135000,신세계백화점 강남점 (Seoul)
lee.donghae@daum.net,59,Male,Luxury,Zara,290000,부산 센텀시티점 (Busan)
hyunwoo.choi@gmail.com,32,Female,Sportswear,Supreme,295000,부산 센텀시티점 (Busan)
hyesoo-p@naver.com,49,Female,Fashionable,Supreme,110000,대구 동성로점 (Daegu)
minho_lee45@outlook.com,40,Female,Streetwear,Zara,310000,롯데백화점 명동점 (Seoul)
hyunwoo.choi@gmail.com,31,Female,Luxury,H&M,230000,광주 충장로점 (Gwangju)
choi.soobin88@yahoo.com,40,Male,Sportswear,Supreme,470000,대전 은행동점 (Daejeon)
jisoo-park@naver.com,43,Female,Streetwear,Nike,130000,광주 충장로점 (Gwangju)
hyesoo-p@naver.com,59,Female,Luxury,Nike,490000,대전 은행동점 (Daejeon)
jiwoo.jung_1985@naver.com,45,Male,Fashionable,H&M,395000,부산 센텀시티점 (Busan)
jiwoo.jung_1985@naver.com,49,Female,Fashionable,Puma,325000,신세계백화점 강남점 (Seoul)
choi.soobin88@yahoo.com,44,Female,Casual,Nike,70000,롯데백화점 부산본점 (Busan)
minji.kim39@gmail.com,47,Male,Fashionable,Gucci,140000,신세계백화점 강남점 (Seoul)
minji.kim39@gmail.com,47,Female,Luxury,Nike,110000,신세계백화점 강남점 (Seoul)
lee.donghae@daum.net,52,Male,Streetwear,Puma,195000,롯데백화점 부산본점 (Busan)
choi.soobin88@yahoo.com,36,Male,Luxury,Zara,265000,대구 동성로점 (Daegu)
hyesoo-p@naver.com,56,Male,Casual,Louis Vuitton,125000,대전 은행동점 (Daejeon)
yuna.kim23@gmail.com,32,Female,Casual,Gucci,330000,대전 은행동점 (Daejeon)
minji.kim39@gmail.com,43,Female,Fashionable,Louis Vuitton,450000,대구 동성로점 (Daegu)
jiwoo.jung_1985@naver.com,49,Male,Fashionable,Nike,200000,수원역점 (Suwon)
jisoo-park@naver.com,30,Male,Sportswear,Gucci,245000,롯데백화점 명동점 (Seoul)
choi.soobin88@yahoo.com,51,Female,Streetwear,Adidas,125000,강남점 (Seoul)
jiwoo.jung_1985@naver.com,37,Female,Sportswear,Supreme,120000,롯데백화점 명동점 (Seoul)
jiwoo.jung_1985@naver.com,41,Male,Streetwear,Supreme,245000,압구정점 (Seoul)
jisoo-park@naver.com,40,Female,Luxury,Nike,230000,강남점 (Seoul)
jisoo-park@naver.com,24,Female,Casual,Zara,70000,롯데백화점 명동점 (Seoul)
hyunwoo.choi@gmail.com,57,Male,Fashionable,Supreme,345000,대전 은행동점 (Daejeon)
minho_lee45@outlook.com,48,Female,Luxury,Gucci,245000,부산 센텀시티점 (Busan)
minho_lee45@outlook.com,32,Female,Casual,Zara,145000,부산 센텀시티점 (Busan)
lee.donghae@daum.net,52,Female,Luxury,Louis Vuitton,320000,대구 동성로점 (Daegu)
hyesoo-p@naver.com,59,Female,Fashionable,H&M,440000,부산 센텀시티점 (Busan)
yuna.kim23@gmail.com,26,Male,Fashionable,Supreme,190000,대구 동성로점 (Daegu)
minho_lee45@outlook.com,34,Female,Fashionable,Gucci,65000,롯데백화점 부산본점 (Busan)
jisoo-park@naver.com,48,Female,Streetwear,Puma,170000,대구 동성로점 (Daegu)
yuna.kim23@gmail.com,29,Male,Casual,Gucci,180000,부산 센텀시티점 (Busan)
minji.kim39@gmail.com,56,Female,Luxury,Gucci,195000,대전 은행동점 (Daejeon)
choi.soobin88@yahoo.com,23,Male,Streetwear,H&M,50000,롯데백화점 명동점 (Seoul)
choi.soobin88@yahoo.com,49,Male,Casual,Gucci,100000,부산 센텀시티점 (Busan)
minji.kim39@gmail.com,37,Female,Casual,H&M,60000,롯데백화점 명동점 (Seoul)
choi.soobin88@yahoo.com,56,Female,Fashionable,Gucci,70000,광주 충장로점 (Gwangju)
jisoo-park@naver.com,49,Female,Streetwear,Gucci,325000,대전 은행동점 (Daejeon)
jiwoo.jung_1985@naver.com,32,Female,Casual,Nike,260000,신세계백화점 강남점 (Seoul)
hyunwoo.choi@gmail.com,34,Female,Sportswear,Adidas,345000,롯데백화점 부산본점 (Busan)
yuna.kim23@gmail.com,59,Female,Luxury,Adidas,380000,강남점 (Seoul)
jiwoo.jung_1985@naver.com,18,Female,Luxury,Nike,380000,강남점 (Seoul)
hyesoo-p@naver.com,26,Female,Luxury,Puma,250000,수원역점 (Suwon)
hyunwoo.choi@gmail.com,27,Male,Sportswear,Louis Vuitton,305000,부산 센텀시티점 (Busan)
minho_lee45@outlook.com,40,Female,Sportswear,Puma,490000,대전 은행동점 (Daejeon)
hyunwoo.choi@gmail.com,58,Male,Fashionable,Gucci,500000,강남점 (Seoul)
jiwoo.jung_1985@naver.com,51,Female,Casual,H&M,190000,부산 센텀시티점 (Busan)
yuna.kim23@gmail.com,22,Male,Fashionable,Gucci,100000,롯데백화점 명동점 (Seoul)
hyesoo-p@naver.com,35,Female,Streetwear,Gucci,500000,대구 동성로점 (Daegu)
minho_lee45@outlook.com,27,Female,Casual,Gucci,155000,대구 동성로점 (Daegu)
hyesoo-p@naver.com,29,Male,Luxury,Adidas,390000,광주 충장로점 (Gwangju)
seo_young_kim@kakao.com,43,Female,Streetwear,H&M,160000,광주 충장로점 (Gwangju)
minji.kim39@gmail.com,21,Female,Streetwear,H&M,55000,롯데백화점 명동점 (Seoul)
seo_young_kim@kakao.com,25,Male,Sportswear,Puma,230000,롯데백화점 명동점 (Seoul)
jisoo-park@naver.com,53,Male,Sportswear,H&M,440000,대전 은행동점 (Daejeon)
seo_young_kim@kakao.com,28,Female,Sportswear,Adidas,320000,롯데백화점 부산본점 (Busan)
jiwoo.jung_1985@naver.com,21,Female,Casual,Gucci,155000,강남점 (Seoul)
lee.donghae@daum.net,19,Male,Casual,H&M,400000,수원역점 (Suwon)
minho_lee45@outlook.com,44,Male,Streetwear,Puma,75000,부산 센텀시티점 (Busan)
minji.kim39@gmail.com,34,Male,Streetwear,Supreme,315000,롯데백화점 명동점 (Seoul)
yuna.kim23@gmail.com,37,Female,Sportswear,Adidas,295000,신세계백화점 강남점 (Seoul)
seo_young_kim@kakao.com,40,Male,Fashionable,Adidas,445000,부산 센텀시티점 (Busan)
minho_lee45@outlook.com,35,Male,Streetwear,H&M,80000,부산 센텀시티점 (Busan)
choi.soobin88@yahoo.com,43,Female,Sportswear,Supreme,50000,압구정점 (Seoul)
jiwoo.jung_1985@naver.com,38,Female,Casual,Gucci,340000,광주 충장로점 (Gwangju)
choi.soobin88@yahoo.com,58,Female,Sportswear,Puma,255000,부산 센텀시티점 (Busan)
jiwoo.jung_1985@naver.com,35,Male,Luxury,Adidas,145000,수원역점 (Suwon)
hyesoo-p@naver.com,43,Male,Sportswear,Zara,415000,대전 은행동점 (Daejeon)
hyesoo-p@naver.com,36,Male,Fashionable,Adidas,495000,수원역점 (Suwon)
hyunwoo.choi@gmail.com,35,Male,Fashionable,Gucci,130000,부산 센텀시티점 (Busan)
hyunwoo.choi@gmail.com,26,Female,Luxury,H&M,245000,수원역점 (Suwon)
minho_lee45@outlook.com,50,Female,Casual,Supreme,80000,광주 충장로점 (Gwangju)
hyesoo-p@naver.com,36,Female,Sportswear,Gucci,395000,롯데백화점 명동점 (Seoul)
hyunwoo.choi@gmail.com,22,Female,Fashionable,Adidas,65000,롯데백화점 명동점 (Seoul)
hyesoo-p@naver.com,51,Male,Fashionable,Gucci,355000,광주 충장로점 (Gwangju)
jiwoo.jung_1985@naver.com,56,Male,Luxury,H&M,255000,롯데백화점 부산본점 (Busan)
lee.donghae@daum.net,21,Male,Casual,Gucci,265000,롯데백화점 부산본점 (Busan)
lee.donghae@daum.net,32,Female,Sportswear,H&M,200000,롯데백화점 명동점 (Seoul)
hyesoo-p@naver.com,46,Female,Fashionable,Adidas,55000,대전 은행동점 (Daejeon)
minji.kim39@gmail.com,34,Female,Sportswear,Gucci,305000,부산 센텀시티점 (Busan)
yuna.kim23@gmail.com,45,Female,Luxury,Nike,360000,대전 은행동점 (Daejeon)
choi.soobin88@yahoo.com,28,Male,Streetwear,Supreme,90000,부산 센텀시티점 (Busan)
jisoo-park@naver.com,26,Female,Streetwear,Supreme,285000,신세계백화점 강남점 (Seoul)
seo_young_kim@kakao.com,25,Female,Fashionable,H&M,155000,대구 동성로점 (Daegu)
minho_lee45@outlook.com,57,Male,Sportswear,Louis Vuitton,140000,강남점 (Seoul)
yuna.kim23@gmail.com,43,Male,Casual,Adidas,350000,롯데백화점 명동점 (Seoul)
minji.kim39@gmail.com,29,Female,Casual,Gucci,285000,압구정점 (Seoul)
seo_young_kim@kakao.com,50,Female,Fashionable,H&M,385000,대구 동성로점 (Daegu)
yuna.kim23@gmail.com,41,Male,Streetwear,Nike,270000,대전 은행동점 (Daejeon)
jiwoo.jung_1985@naver.com,36,Female,Casual,Gucci,285000,롯데백화점 부산본점 (Busan)
lee.donghae@daum.net,20,Male,Casual,Supreme,460000,대구 동성로점 (Daegu)
choi.soobin88@yahoo.com,20,Male,Casual,Gucci,105000,대전 은행동점 (Daejeon)
minji.kim39@gmail.com,35,Female,Streetwear,Louis Vuitton,105000,신세계백화점 강남점 (Seoul)
seo_young_kim@kakao.com,31,Female,Casual,Puma,355000,대전 은행동점 (Daejeon)
seo_young_kim@kakao.com,23,Male,Sportswear,Adidas,115000,부산 센텀시티점 (Busan)
hyesoo-p@naver.com,20,Male,Luxury,Adidas,325000,롯데백화점 부산본점 (Busan)
jiwoo.jung_1985@naver.com,48,Male,Luxury,Supreme,465000,광주 충장로점 (Gwangju)
jisoo-park@naver.com,51,Male,Luxury,Nike,295000,신세계백화점 강남점 (Seoul)
jisoo-park@naver.com,29,Male,Sportswear,Puma,165000,부산 센텀시티점 (Busan)
jiwoo.jung_1985@naver.com,46,Female,Casual,Louis Vuitton,450000,강남점 (Seoul)
choi.soobin88@yahoo.com,23,Male,Streetwear,Adidas,330000,롯데백화점 부산본점 (Busan)
minho_lee45@outlook.com,54,Female,Fashionable,Adidas,380000,강남점 (Seoul)
hyesoo-p@naver.com,20,Female,Sportswear,Nike,105000,광주 충장로점 (Gwangju)
minho_lee45@outlook.com,27,Male,Sportswear,Gucci,250000,광주 충장로점 (Gwangju)
choi.soobin88@yahoo.com,26,Male,Casual,Zara,155000,롯데백화점 명동점 (Seoul)
minji.kim39@gmail.com,19,Male,Streetwear,Adidas,345000,대구 동성로점 (Daegu)
lee.donghae@daum.net,18,Female,Luxury,Gucci,275000,수원역점 (Suwon)
hyesoo-p@naver.com,31,Male,Sportswear,Puma,475000,광주 충장로점 (Gwangju)
choi.soobin88@yahoo.com,43,Male,Fashionable,Puma,140000,대구 동성로점 (Daegu)
seo_young_kim@kakao.com,36,Female,Luxury,Nike,405000,부산 센텀시티점 (Busan)
hyesoo-p@naver.com,58,Male,Casual,Louis Vuitton,205000,압구정점 (Seoul)
jisoo-park@naver.com,57,Male,Sportswear,H&M,85000,롯데백화점 부산본점 (Busan)
hyesoo-p@naver.com,30,Male,Fashionable,Nike,425000,수원역점 (Suwon)
minji.kim39@gmail.com,55,Male,Streetwear,H&M,365000,강남점 (Seoul)
minji.kim39@gmail.com,36,Female,Luxury,Puma,405000,광주 충장로점 (Gwangju)
hyesoo-p@naver.com,54,Female,Casual,Nike,395000,압구정점 (Seoul)
choi.soobin88@yahoo.com,49,Female,Luxury,Supreme,415000,롯데백화점 명동점 (Seoul)
jiwoo.jung_1985@naver.com,47,Female,Casual,Nike,275000,롯데백화점 부산본점 (Busan)
lee.donghae@daum.net,45,Female,Streetwear,H&M,130000,롯데백화점 부산본점 (Busan)
jisoo-park@naver.com,22,Male,Sportswear,Gucci,325000,롯데백화점 부산본점 (Busan)
minho_lee45@outlook.com,34,Male,Streetwear,Louis Vuitton,420000,강남점 (Seoul)
minho_lee45@outlook.com,26,Female,Fashionable,Zara,300000,광주 충장로점 (Gwangju)
yuna.kim23@gmail.com,32,Female,Streetwear,Nike,455000,부산 센텀시티점 (Busan)
minji.kim39@gmail.com,39,Male,Casual,Supreme,150000,부산 센텀시티점 (Busan)
minji.kim39@gmail.com,54,Female,Sportswear,Adidas,70000,압구정점 (Seoul)
lee.donghae@daum.net,30,Female,Luxury,Gucci,90000,압구정점 (Seoul)
choi.soobin88@yahoo.com,48,Male,Casual,H&M,65000,대전 은행동점 (Daejeon)
choi.soobin88@yahoo.com,21,Male,Fashionable,Zara,450000,부산 센텀시티점 (Busan)
hyunwoo.choi@gmail.com,34,Male,Casual,Puma,155000,강남점 (Seoul)
seo_young_kim@kakao.com,33,Male,Streetwear,Louis Vuitton,460000,광주 충장로점 (Gwangju)
minji.kim39@gmail.com,29,Female,Casual,Louis Vuitton,280000,대전 은행동점 (Daejeon)
choi.soobin88@yahoo.com,50,Male,Streetwear,Puma,345000,수원역점 (Suwon)
minji.kim39@gmail.com,43,Female,Fashionable,Puma,215000,대전 은행동점 (Daejeon)
jisoo-park@naver.com,33,Female,Luxury,Nike,235000,광주 충장로점 (Gwangju)
hyunwoo.choi@gmail.com,55,Male,Casual,H&M,420000,롯데백화점 부산본점 (Busan)
jiwoo.jung_1985@naver.com,54,Female,Luxury,Supreme,485000,신세계백화점 강남점 (Seoul)
jisoo-park@naver.com,42,Female,Streetwear,Puma,485000,압구정점 (Seoul)
seo_young_kim@kakao.com,28,Female,Streetwear,Nike,210000,강남점 (Seoul)
lee.donghae@daum.net,38,Male,Casual,Adidas,130000,수원역점 (Suwon)
minji.kim39@gmail.com,30,Female,Streetwear,Puma,100000,부산 센텀시티점 (Busan)
lee.donghae@daum.net,48,Female,Streetwear,Louis Vuitton,170000,롯데백화점 명동점 (Seoul)
jisoo-park@naver.com,18,Female,Casual,Gucci,345000,신세계백화점 강남점 (Seoul)
hyesoo-p@naver.com,50,Female,Sportswear,Louis Vuitton,65000,부산 센텀시티점 (Busan)
jisoo-park@naver.com,48,Female,Casual,Louis Vuitton,170000,수원역점 (Suwon)
lee.donghae@daum.net,35,Female,Casual,Nike,240000,광주 충장로점 (Gwangju)
hyesoo-p@naver.com,32,Male,Fashionable,Puma,300000,강남점 (Seoul)
seo_young_kim@kakao.com,55,Female,Streetwear,Gucci,210000,압구정점 (Seoul)
choi.soobin88@yahoo.com,32,Male,Casual,Zara,85000,강남점 (Seoul)
minho_lee45@outlook.com,52,Male,Streetwear,Supreme,245000,강남점 (Seoul)
hyunwoo.choi@gmail.com,52,Male,Streetwear,Supreme,175000,부산 센텀시티점 (Busan)
jisoo-park@naver.com,19,Female,Fashionable,Nike,280000,광주 충장로점 (Gwangju)
jisoo-park@naver.com,44,Female,Fashionable,H&M,255000,압구정점 (Seoul)
minji.kim39@gmail.com,21,Female,Fashionable,Puma,425000,강남점 (Seoul)
seo_young_kim@kakao.com,42,Male,Luxury,Gucci,475000,대전 은행동점 (Daejeon)
yuna.kim23@gmail.com,18,Male,Streetwear,Gucci,65000,대전 은행동점 (Daejeon)
minho_lee45@outlook.com,50,Female,Sportswear,Nike,150000,롯데백화점 부산본점 (Busan)
choi.soobin88@yahoo.com,48,Male,Sportswear,Gucci,435000,광주 충장로점 (Gwangju)
jisoo-park@naver.com,19,Female,Sportswear,Adidas,190000,광주 충장로점 (Gwangju)
hyesoo-p@naver.com,44,Male,Streetwear,Gucci,440000,대구 동성로점 (Daegu)
minho_lee45@outlook.com,56,Female,Sportswear,Nike,150000,대전 은행동점 (Daejeon)
choi.soobin88@yahoo.com,21,Male,Casual,Zara,365000,대전 은행동점 (Daejeon)
minho_lee45@outlook.com,32,Male,Luxury,Gucci,150000,대전 은행동점 (Daejeon)
hyunwoo.choi@gmail.com,54,Male,Casual,Adidas,55000,대구 동성로점 (Daegu)
lee.donghae@daum.net,29,Male,Fashionable,Louis Vuitton,345000,부산 센텀시티점 (Busan)
yuna.kim23@gmail.com,47,Female,Casual,H&M,340000,롯데백화점 부산본점 (Busan)
choi.soobin88@yahoo.com,40,Male,Fashionable,Gucci,400000,롯데백화점 명동점 (Seoul)
jisoo-park@naver.com,43,Female,Fashionable,Zara,500000,부산 센텀시티점 (Busan)
lee.donghae@daum.net,38,Female,Sportswear,Supreme,210000,대구 동성로점 (Daegu)
hyesoo-p@naver.com,22,Female,Sportswear,Zara,50000,부산 센텀시티점 (Busan)
jiwoo.jung_1985@naver.com,34,Male,Casual,H&M,65000,롯데백화점 부산본점 (Busan)
yuna.kim23@gmail.com,59,Male,Fashionable,Supreme,310000,대전 은행동점 (Daejeon)
minji.kim39@gmail.com,35,Female,Casual,H&M,475000,롯데백화점 명동점 (Seoul)
jiwoo.jung_1985@naver.com,19,Female,Sportswear,Supreme,455000,대구 동성로점 (Daegu)
jisoo-park@naver.com,51,Female,Luxury,Louis Vuitton,130000,대구 동성로점 (Daegu)
lee.donghae@daum.net,47,Female,Casual,Adidas,160000,강남점 (Seoul)
seo_young_kim@kakao.com,51,Female,Sportswear,Supreme,70000,부산 센텀시티점 (Busan)
jisoo-park@naver.com,37,Female,Streetwear,H&M,270000,압구정점 (Seoul)
choi.soobin88@yahoo.com,28,Female,Sportswear,Louis Vuitton,175000,부산 센텀시티점 (Busan)
seo_young_kim@kakao.com,56,Male,Streetwear,Nike,70000,강남점 (Seoul)
lee.donghae@daum.net,43,Male,Casual,Adidas,345000,수원역점 (Suwon)
lee.donghae@daum.net,27,Male,Streetwear,Louis Vuitton,395000,롯데백화점 명동점 (Seoul)
hyesoo-p@naver.com,28,Male,Luxury,Gucci,290000,롯데백화점 명동점 (Seoul)
yuna.kim23@gmail.com,58,Male,Streetwear,Louis Vuitton,470000,롯데백화점 부산본점 (Busan)
lee.donghae@daum.net,56,Male,Fashionable,Louis Vuitton,330000,수원역점 (Suwon)
yuna.kim23@gmail.com,25,Female,Casual,H&M,255000,수원역점 (Suwon)
yuna.kim23@gmail.com,54,Male,Luxury,Gucci,470000,강남점 (Seoul)
jisoo-park@naver.com,25,Male,Luxury,Puma,410000,롯데백화점 부산본점 (Busan)
hyunwoo.choi@gmail.com,19,Female,Streetwear,Gucci,465000,신세계백화점 강남점 (Seoul)
lee.donghae@daum.net,43,Female,Casual,Nike,200000,대구 동성로점 (Daegu)
lee.donghae@daum.net,39,Male,Sportswear,Adidas,50000,수원역점 (Suwon)
yuna.kim23@gmail.com,43,Male,Casual,Adidas,195000,광주 충장로점 (Gwangju)
hyunwoo.choi@gmail.com,43,Female,Streetwear,Supreme,355000,대전 은행동점 (Daejeon)
seo_young_kim@kakao.com,36,Female,Casual,H&M,380000,강남점 (Seoul)
seo_young_kim@kakao.com,45,Male,Luxury,Zara,410000,광주 충장로점 (Gwangju)
seo_young_kim@kakao.com,56,Male,Fashionable,Louis Vuitton,310000,광주 충장로점 (Gwangju)
seo_young_kim@kakao.com,41,Male,Sportswear,H&M,115000,롯데백화점 명동점 (Seoul)
minho_lee45@outlook.com,20,Male,Fashionable,Gucci,445000,대구 동성로점 (Daegu)
jiwoo.jung_1985@naver.com,53,Female,Casual,Zara,120000,대전 은행동점 (Daejeon)
seo_young_kim@kakao.com,25,Female,Streetwear,Louis Vuitton,240000,수원역점 (Suwon)
jiwoo.jung_1985@naver.com,42,Female,Streetwear,Gucci,130000,수원역점 (Suwon)
yuna.kim23@gmail.com,39,Female,Fashionable,H&M,170000,대전 은행동점 (Daejeon)
choi.soobin88@yahoo.com,56,Female,Luxury,Zara,70000,롯데백화점 명동점 (Seoul)
jiwoo.jung_1985@naver.com,42,Male,Sportswear,H&M,335000,대구 동성로점 (Daegu)
hyunwoo.choi@gmail.com,58,Male,Sportswear,Supreme,285000,대전 은행동점 (Daejeon)
jisoo-park@naver.com,58,Male,Casual,Adidas,270000,광주 충장로점 (Gwangju)
minji.kim39@gmail.com,25,Male,Luxury,Nike,115000,수원역점 (Suwon)
hyunwoo.choi@gmail.com,29,Male,Sportswear,Gucci,465000,수원역점 (Suwon)
seo_young_kim@kakao.com,44,Female,Luxury,Nike,315000,수원역점 (Suwon)
minho_lee45@outlook.com,31,Female,Casual,Adidas,365000,강남점 (Seoul)
hyesoo-p@naver.com,39,Female,Luxury,Puma,70000,롯데백화점 명동점 (Seoul)
yuna.kim23@gmail.com,59,Female,Casual,Supreme,185000,수원역점 (Suwon)
choi.soobin88@yahoo.com,38,Male,Luxury,H&M,65000,부산 센텀시티점 (Busan)
hyesoo-p@naver.com,24,Female,Streetwear,Nike,50000,대전 은행동점 (Daejeon)
minho_lee45@outlook.com,48,Male,Casual,Gucci,290000,강남점 (Seoul)
minho_lee45@outlook.com,35,Female,Streetwear,Adidas,480000,압구정점 (Seoul)
jisoo-park@naver.com,49,Male,Luxury,Supreme,500000,압구정점 (Seoul)
seo_young_kim@kakao.com,42,Female,Sportswear,Zara,255000,롯데백화점 명동점 (Seoul)
hyesoo-p@naver.com,36,Female,Luxury,Gucci,170000,광주 충장로점 (Gwangju)
minji.kim39@gmail.com,26,Female,Fashionable,Gucci,445000,롯데백화점 부산본점 (Busan)
jiwoo.jung_1985@naver.com,31,Female,Streetwear,H&M,310000,대전 은행동점 (Daejeon)
seo_young_kim@kakao.com,31,Male,Streetwear,H&M,455000,수원역점 (Suwon)
minji.kim39@gmail.com,48,Male,Casual,Adidas,140000,롯데백화점 부산본점 (Busan)
seo_young_kim@kakao.com,42,Male,Streetwear,Supreme,145000,대전 은행동점 (Daejeon)
hyunwoo.choi@gmail.com,46,Male,Sportswear,Puma,240000,신세계백화점 강남점 (Seoul)
seo_young_kim@kakao.com,53,Female,Casual,Adidas,340000,수원역점 (Suwon)
seo_young_kim@kakao.com,41,Female,Sportswear,Puma,180000,수원역점 (Suwon)
yuna.kim23@gmail.com,54,Male,Casual,Zara,230000,신세계백화점 강남점 (Seoul)
minho_lee45@outlook.com,26,Male,Luxury,Gucci,275000,대구 동성로점 (Daegu)
choi.soobin88@yahoo.com,30,Female,Fashionable,Zara,60000,신세계백화점 강남점 (Seoul)
hyesoo-p@naver.com,31,Female,Streetwear,Nike,205000,대구 동성로점 (Daegu)
jisoo-park@naver.com,45,Female,Casual,Zara,115000,신세계백화점 강남점 (Seoul)
hyesoo-p@naver.com,40,Female,Luxury,Louis Vuitton,75000,강남점 (Seoul)
choi.soobin88@yahoo.com,37,Male,Fashionable,Louis Vuitton,50000,수원역점 (Suwon)
seo_young_kim@kakao.com,33,Female,Luxury,H&M,290000,대구 동성로점 (Daegu)
jisoo-park@naver.com,57,Male,Casual,Gucci,460000,롯데백화점 부산본점 (Busan)
lee.donghae@daum.net,55,Female,Streetwear,Puma,445000,강남점 (Seoul)
choi.soobin88@yahoo.com,40,Male,Casual,Gucci,180000,대구 동성로점 (Daegu)
jisoo-park@naver.com,21,Female,Fashionable,Louis Vuitton,155000,롯데백화점 명동점 (Seoul)
seo_young_kim@kakao.com,38,Female,Sportswear,Nike,210000,대전 은행동점 (Daejeon)
seo_young_kim@kakao.com,18,Male,Luxury,Supreme,255000,대구 동성로점 (Daegu)
hyunwoo.choi@gmail.com,58,Female,Fashionable,Zara,225000,대전 은행동점 (Daejeon)
jiwoo.jung_1985@naver.com,20,Male,Casual,Supreme,195000,신세계백화점 강남점 (Seoul)
jisoo-park@naver.com,49,Male,Streetwear,Gucci,405000,롯데백화점 명동점 (Seoul)
hyunwoo.choi@gmail.com,24,Male,Sportswear,Zara,350000,강남점 (Seoul)
minho_lee45@outlook.com,41,Female,Streetwear,Nike,70000,압구정점 (Seoul)
hyesoo-p@naver.com,56,Male,Luxury,Supreme,455000,광주 충장로점 (Gwangju)
yuna.kim23@gmail.com,35,Female,Fashionable,Louis Vuitton,420000,롯데백화점 부산본점 (Busan)
jiwoo.jung_1985@naver.com,54,Female,Fashionable,H&M,175000,대전 은행동점 (Daejeon)
lee.donghae@daum.net,41,Female,Fashionable,Supreme,315000,부산 센텀시티점 (Busan)
yuna.kim23@gmail.com,43,Female,Fashionable,Supreme,80000,광주 충장로점 (Gwangju)
choi.soobin88@yahoo.com,34,Female,Fashionable,Puma,80000,수원역점 (Suwon)
hyesoo-p@naver.com,52,Female,Luxury,Zara,430000,수원역점 (Suwon)
lee.donghae@daum.net,50,Female,Fashionable,Louis Vuitton,265000,롯데백화점 부산본점 (Busan)
hyesoo-p@naver.com,41,Female,Luxury,Supreme,470000,대구 동성로점 (Daegu)
seo_young_kim@kakao.com,22,Male,Casual,Puma,65000,롯데백화점 명동점 (Seoul)
hyesoo-p@naver.com,47,Male,Luxury,H&M,85000,강남점 (Seoul)
yuna.kim23@gmail.com,23,Female,Luxury,Gucci,155000,롯데백화점 부산본점 (Busan)
minho_lee45@outlook.com,34,Male,Fashionable,H&M,275000,롯데백화점 명동점 (Seoul)
seo_young_kim@kakao.com,30,Female,Sportswear,Louis Vuitton,500000,수원역점 (Suwon)
jisoo-park@naver.com,51,Female,Casual,Gucci,295000,대전 은행동점 (Daejeon)
hyesoo-p@naver.com,19,Male,Luxury,Nike,145000,롯데백화점 명동점 (Seoul)
yuna.kim23@gmail.com,18,Female,Sportswear,Louis Vuitton,430000,롯데백화점 명동점 (Seoul)
lee.donghae@daum.net,40,Male,Casual,Puma,240000,대전 은행동점 (Daejeon)
lee.donghae@daum.net,57,Male,Luxury,H&M,365000,롯데백화점 명동점 (Seoul)
choi.soobin88@yahoo.com,38,Male,Casual,H&M,430000,부산 센텀시티점 (Busan)
minho_lee45@outlook.com,45,Female,Casual,Supreme,410000,부산 센텀시티점 (Busan)
minji.kim39@gmail.com,48,Female,Streetwear,Louis Vuitton,300000,강남점 (Seoul)
seo_young_kim@kakao.com,55,Female,Sportswear,Nike,185000,광주 충장로점 (Gwangju)
jisoo-park@naver.com,44,Male,Streetwear,Supreme,190000,수원역점 (Suwon)
jisoo-park@naver.com,21,Male,Streetwear,Adidas,220000,대전 은행동점 (Daejeon)
choi.soobin88@yahoo.com,32,Female,Casual,H&M,425000,대구 동성로점 (Daegu)
yuna.kim23@gmail.com,21,Male,Luxury,Supreme,365000,압구정점 (Seoul)
choi.soobin88@yahoo.com,35,Male,Casual,Puma,185000,압구정점 (Seoul)
lee.donghae@daum.net,55,Female,Luxury,Zara,355000,강남점 (Seoul)
seo_young_kim@kakao.com,24,Male,Fashionable,Supreme,285000,롯데백화점 명동점 (Seoul)
minji.kim39@gmail.com,56,Male,Luxury,Louis Vuitton,475000,신세계백화점 강남점 (Seoul)
hyesoo-p@naver.com,52,Male,Luxury,Louis Vuitton,85000,광주 충장로점 (Gwangju)
hyesoo-p@naver.com,23,Female,Casual,Nike,80000,롯데백화점 부산본점 (Busan)
hyunwoo.choi@gmail.com,47,Female,Streetwear,Gucci,75000,부산 센텀시티점 (Busan)
hyunwoo.choi@gmail.com,56,Female,Luxury,Puma,150000,롯데백화점 부산본점 (Busan)
hyunwoo.choi@gmail.com,50,Female,Casual,Zara,55000,대구 동성로점 (Daegu)
lee.donghae@daum.net,19,Male,Casual,Puma,185000,대구 동성로점 (Daegu)
seo_young_kim@kakao.com,36,Female,Luxury,Adidas,315000,광주 충장로점 (Gwangju)
hyunwoo.choi@gmail.com,33,Female,Fashionable,Puma,315000,신세계백화점 강남점 (Seoul)
jisoo-park@naver.com,19,Male,Casual,Adidas,130000,광주 충장로점 (Gwangju)
yuna.kim23@gmail.com,59,Male,Casual,Nike,475000,강남점 (Seoul)
hyesoo-p@naver.com,32,Female,Casual,Nike,230000,대구 동성로점 (Daegu)
hyunwoo.choi@gmail.com,24,Male,Casual,Puma,100000,수원역점 (Suwon)
yuna.kim23@gmail.com,29,Female,Streetwear,Louis Vuitton,250000,압구정점 (Seoul)
choi.soobin88@yahoo.com,30,Male,Sportswear,Zara,85000,광주 충장로점 (Gwangju)
jiwoo.jung_1985@naver.com,33,Female,Fashionable,Gucci,365000,신세계백화점 강남점 (Seoul)
lee.donghae@daum.net,39,Male,Casual,Zara,370000,압구정점 (Seoul)
jisoo-park@naver.com,23,Female,Fashionable,Louis Vuitton,425000,대구 동성로점 (Daegu)
hyunwoo.choi@gmail.com,46,Female,Sportswear,Nike,295000,수원역점 (Suwon)
minji.kim39@gmail.com,18,Male,Sportswear,Gucci,275000,신세계백화점 강남점 (Seoul)
hyunwoo.choi@gmail.com,42,Female,Casual,Adidas,495000,대전 은행동점 (Daejeon)
seo_young_kim@kakao.com,54,Female,Streetwear,Adidas,370000,광주 충장로점 (Gwangju)
jiwoo.jung_1985@naver.com,18,Female,Sportswear,Louis Vuitton,300000,롯데백화점 부산본점 (Busan)
jisoo-park@naver.com,21,Male,Streetwear,Puma,495000,대전 은행동점 (Daejeon)
lee.donghae@daum.net,56,Female,Streetwear,Adidas,390000,대전 은행동점 (Daejeon)
minji.kim39@gmail.com,42,Male,Casual,Supreme,220000,신세계백화점 강남점 (Seoul)
minho_lee45@outlook.com,56,Female,Fashionable,Louis Vuitton,285000,대구 동성로점 (Daegu)
yuna.kim23@gmail.com,27,Female,Streetwear,Louis Vuitton,95000,신세계백화점 강남점 (Seoul)
lee.donghae@daum.net,54,Male,Fashionable,Zara,255000,롯데백화점 부산본점 (Busan)
minji.kim39@gmail.com,22,Female,Casual,Supreme,385000,부산 센텀시티점 (Busan)
jiwoo.jung_1985@naver.com,54,Female,Casual,Adidas,395000,대전 은행동점 (Daejeon)
lee.donghae@daum.net,57,Male,Sportswear,Supreme,90000,강남점 (Seoul)
minho_lee45@outlook.com,47,Female,Casual,Gucci,375000,광주 충장로점 (Gwangju)
jisoo-park@naver.com,20,Male,Casual,Adidas,275000,대전 은행동점 (Daejeon)
choi.soobin88@yahoo.com,43,Female,Fashionable,Gucci,360000,신세계백화점 강남점 (Seoul)
seo_young_kim@kakao.com,25,Male,Sportswear,H&M,335000,대전 은행동점 (Daejeon)
hyesoo-p@naver.com,21,Female,Casual,Puma,295000,수원역점 (Suwon)
hyesoo-p@naver.com,55,Female,Fashionable,Adidas,295000,부산 센텀시티점 (Busan)
minho_lee45@outlook.com,31,Female,Casual,Puma,350000,신세계백화점 강남점 (Seoul)
lee.donghae@daum.net,53,Male,Fashionable,Adidas,70000,대구 동성로점 (Daegu)
minho_lee45@outlook.com,47,Female,Casual,Louis Vuitton,185000,부산 센텀시티점 (Busan)
minji.kim39@gmail.com,36,Female,Casual,Nike,90000,롯데백화점 부산본점 (Busan)
hyesoo-p@naver.com,21,Female,Fashionable,H&M,140000,대구 동성로점 (Daegu)
choi.soobin88@yahoo.com,45,Male,Luxury,Louis Vuitton,270000,롯데백화점 명동점 (Seoul)
minji.kim39@gmail.com,52,Female,Fashionable,Louis Vuitton,270000,롯데백화점 부산본점 (Busan)
choi.soobin88@yahoo.com,26,Female,Casual,Supreme,110000,수원역점 (Suwon)
jisoo-park@naver.com,36,Female,Fashionable,Nike,155000,압구정점 (Seoul)
jisoo-park@naver.com,37,Female,Luxury,Nike,120000,강남점 (Seoul)
jisoo-park@naver.com,30,Male,Streetwear,Supreme,325000,강남점 (Seoul)
choi.soobin88@yahoo.com,48,Male,Fashionable,Louis Vuitton,300000,대구 동성로점 (Daegu)
minji.kim39@gmail.com,33,Male,Sportswear,Adidas,90000,압구정점 (Seoul)
jiwoo.jung_1985@naver.com,38,Male,Casual,Zara,445000,부산 센텀시티점 (Busan)
minji.kim39@gmail.com,22,Male,Casual,Adidas,440000,광주 충장로점 (Gwangju)
lee.donghae@daum.net,19,Male,Sportswear,Supreme,325000,롯데백화점 명동점 (Seoul)
yuna.kim23@gmail.com,45,Male,Luxury,Louis Vuitton,430000,대전 은행동점 (Daejeon)
minho_lee45@outlook.com,20,Male,Casual,Adidas,310000,수원역점 (Suwon)
hyesoo-p@naver.com,48,Female,Sportswear,Louis Vuitton,370000,신세계백화점 강남점 (Seoul)
minji.kim39@gmail.com,56,Female,Sportswear,H&M,305000,부산 센텀시티점 (Busan)
minji.kim39@gmail.com,47,Female,Streetwear,Nike,55000,수원역점 (Suwon)
minji.kim39@gmail.com,22,Male,Sportswear,Supreme,160000,광주 충장로점 (Gwangju)
lee.donghae@daum.net,42,Male,Fashionable,Puma,280000,수원역점 (Suwon)
jisoo-park@naver.com,41,Female,Casual,Adidas,90000,신세계백화점 강남점 (Seoul)
seo_young_kim@kakao.com,46,Male,Luxury,Nike,80000,압구정점 (Seoul)
minji.kim39@gmail.com,47,Female,Casual,Puma,325000,압구정점 (Seoul)
jiwoo.jung_1985@naver.com,18,Male,Fashionable,Zara,245000,강남점 (Seoul)
jisoo-park@naver.com,30,Female,Luxury,H&M,340000,대전 은행동점 (Daejeon)
jiwoo.jung_1985@naver.com,37,Female,Fashionable,Louis Vuitton,360000,대구 동성로점 (Daegu)
lee.donghae@daum.net,32,Female,Luxury,Supreme,370000,롯데백화점 부산본점 (Busan)
minji.kim39@gmail.com,30,Male,Fashionable,Supreme,80000,수원역점 (Suwon)
jiwoo.jung_1985@naver.com,41,Female,Fashionable,H&M,190000,광주 충장로점 (Gwangju)
minho_lee45@outlook.com,42,Female,Fashionable,Zara,230000,대구 동성로점 (Daegu)
minji.kim39@gmail.com,58,Female,Luxury,Louis Vuitton,395000,부산 센텀시티점 (Busan)
yuna.kim23@gmail.com,51,Female,Casual,Zara,425000,수원역점 (Suwon)
lee.donghae@daum.net,57,Female,Sportswear,Adidas,175000,롯데백화점 부산본점 (Busan)
jiwoo.jung_1985@naver.com,45,Female,Streetwear,Zara,270000,부산 센텀시티점 (Busan)
minho_lee45@outlook.com,18,Female,Sportswear,Gucci,480000,롯데백화점 부산본점 (Busan)
minji.kim39@gmail.com,29,Male,Fashionable,Nike,375000,신세계백화점 강남점 (Seoul)
choi.soobin88@yahoo.com,19,Female,Fashionable,H&M,270000,부산 센텀시티점 (Busan)
hyesoo-p@naver.com,39,Male,Streetwear,H&M,170000,강남점 (Seoul)
minji.kim39@gmail.com,38,Male,Luxury,H&M,500000,신세계백화점 강남점 (Seoul)
seo_young_kim@kakao.com,38,Male,Casual,Nike,430000,대구 동성로점 (Daegu)
minji.kim39@gmail.com,21,Male,Streetwear,H&M,400000,압구정점 (Seoul)
seo_young_kim@kakao.com,37,Female,Luxury,Puma,195000,롯데백화점 명동점 (Seoul)
lee.donghae@daum.net,37,Male,Fashionable,Louis Vuitton,445000,롯데백화점 부산본점 (Busan)
hyesoo-p@naver.com,19,Female,Sportswear,Louis Vuitton,230000,대구 동성로점 (Daegu)
minji.kim39@gmail.com,30,Male,Sportswear,Adidas,420000,수원역점 (Suwon)
hyunwoo.choi@gmail.com,22,Male,Sportswear,H&M,190000,롯데백화점 부산본점 (Busan)
minho_lee45@outlook.com,43,Female,Fashionable,H&M,155000,대전 은행동점 (Daejeon)
jisoo-park@naver.com,59,Male,Luxury,Gucci,255000,대구 동성로점 (Daegu)
choi.soobin88@yahoo.com,50,Female,Streetwear,Puma,490000,신세계백화점 강남점 (Seoul)
hyesoo-p@naver.com,30,Female,Sportswear,Supreme,170000,롯데백화점 부산본점 (Busan)
yuna.kim23@gmail.com,39,Female,Fashionable,Supreme,285000,롯데백화점 명동점 (Seoul)
hyunwoo.choi@gmail.com,18,Male,Streetwear,Zara,100000,대전 은행동점 (Daejeon)
choi.soobin88@yahoo.com,33,Female,Sportswear,Supreme,455000,부산 센텀시티점 (Busan)
jisoo-park@naver.com,59,Male,Luxury,Adidas,125000,대구 동성로점 (Daegu)
choi.soobin88@yahoo.com,27,Female,Streetwear,Adidas,275000,대전 은행동점 (Daejeon)
minji.kim39@gmail.com,30,Male,Luxury,Louis Vuitton,90000,압구정점 (Seoul)
yuna.kim23@gmail.com,31,Male,Luxury,Adidas,215000,압구정점 (Seoul)
lee.donghae@daum.net,44,Female,Streetwear,Adidas,90000,롯데백화점 부산본점 (Busan)
lee.donghae@daum.net,18,Female,Sportswear,Supreme,455000,롯데백화점 부산본점 (Busan)
seo_young_kim@kakao.com,22,Male,Fashionable,Nike,470000,압구정점 (Seoul)
choi.soobin88@yahoo.com,58,Female,Luxury,Nike,490000,강남점 (Seoul)
yuna.kim23@gmail.com,44,Male,Streetwear,Supreme,500000,롯데백화점 부산본점 (Busan)
minji.kim39@gmail.com,23,Female,Luxury,H&M,370000,강남점 (Seoul)
seo_young_kim@kakao.com,30,Male,Casual,Puma,330000,광주 충장로점 (Gwangju)
jisoo-park@naver.com,59,Female,Fashionable,Supreme,455000,롯데백화점 명동점 (Seoul)
choi.soobin88@yahoo.com,46,Male,Sportswear,Puma,55000,롯데백화점 명동점 (Seoul)
hyesoo-p@naver.com,26,Female,Casual,Adidas,230000,대구 동성로점 (Daegu)
jiwoo.jung_1985@naver.com,41,Male,Fashionable,Puma,440000,대전 은행동점 (Daejeon)
hyesoo-p@naver.com,47,Female,Sportswear,Nike,95000,부산 센텀시티점 (Busan)
minji.kim39@gmail.com,31,Male,Casual,Gucci,335000,롯데백화점 부산본점 (Busan)
choi.soobin88@yahoo.com,26,Female,Sportswear,Louis Vuitton,370000,신세계백화점 강남점 (Seoul)
lee.donghae@daum.net,23,Male,Casual,Supreme,315000,압구정점 (Seoul)
minho_lee45@outlook.com,58,Male,Streetwear,Gucci,175000,압구정점 (Seoul)
lee.donghae@daum.net,50,Male,Sportswear,Supreme,55000,강남점 (Seoul)
jisoo-park@naver.com,37,Female,Streetwear,Puma,265000,신세계백화점 강남점 (Seoul)
yuna.kim23@gmail.com,26,Male,Fashionable,Zara,395000,부산 센텀시티점 (Busan)
seo_young_kim@kakao.com,48,Male,Streetwear,H&M,265000,롯데백화점 부산본점 (Busan)
jisoo-park@naver.com,47,Male,Luxury,Puma,390000,광주 충장로점 (Gwangju)
hyunwoo.choi@gmail.com,54,Male,Casual,Zara,335000,강남점 (Seoul)
choi.soobin88@yahoo.com,56,Female,Streetwear,Supreme,395000,압구정점 (Seoul)
minji.kim39@gmail.com,26,Male,Fashionable,Gucci,55000,대구 동성로점 (Daegu)
hyesoo-p@naver.com,22,Female,Streetwear,Supreme,135000,압구정점 (Seoul)
jisoo-park@naver.com,22,Female,Streetwear,Zara,290000,수원역점 (Suwon)
minho_lee45@outlook.com,34,Female,Sportswear,Louis Vuitton,465000,롯데백화점 부산본점 (Busan)
seo_young_kim@kakao.com,26,Male,Casual,Zara,115000,롯데백화점 부산본점 (Busan)
minji.kim39@gmail.com,28,Male,Streetwear,Puma,215000,부산 센텀시티점 (Busan)
yuna.kim23@gmail.com,55,Male,Sportswear,H&M,145000,롯데백화점 명동점 (Seoul)
yuna.kim23@gmail.com,59,Female,Streetwear,Gucci,200000,수원역점 (Suwon)
jiwoo.jung_1985@naver.com,52,Male,Casual,Zara,280000,대구 동성로점 (Daegu)
choi.soobin88@yahoo.com,47,Female,Streetwear,Puma,365000,광주 충장로점 (Gwangju)
hyunwoo.choi@gmail.com,32,Female,Streetwear,Puma,170000,광주 충장로점 (Gwangju)
lee.donghae@daum.net,28,Female,Streetwear,Gucci,95000,강남점 (Seoul)
choi.soobin88@yahoo.com,35,Female,Sportswear,Adidas,280000,신세계백화점 강남점 (Seoul)
choi.soobin88@yahoo.com,18,Female,Luxury,Gucci,480000,대구 동성로점 (Daegu)
minji.kim39@gmail.com,53,Female,Casual,H&M,290000,부산 센텀시티점 (Busan)
jiwoo.jung_1985@naver.com,30,Female,Streetwear,Louis Vuitton,230000,대구 동성로점 (Daegu)
minji.kim39@gmail.com,31,Male,Fashionable,Gucci,460000,압구정점 (Seoul)
hyesoo-p@naver.com,33,Male,Fashionable,Gucci,85000,롯데백화점 명동점 (Seoul)
lee.donghae@daum.net,53,Female,Sportswear,Puma,75000,신세계백화점 강남점 (Seoul)
lee.donghae@daum.net,47,Male,Luxury,H&M,255000,광주 충장로점 (Gwangju)
jisoo-park@naver.com,48,Female,Casual,Adidas,175000,롯데백화점 부산본점 (Busan)
seo_young_kim@kakao.com,21,Female,Streetwear,Zara,120000,롯데백화점 부산본점 (Busan)
lee.donghae@daum.net,35,Female,Sportswear,Puma,270000,수원역점 (Suwon)
yuna.kim23@gmail.com,24,Male,Sportswear,H&M,120000,대구 동성로점 (Daegu)
hyesoo-p@naver.com,47,Male,Casual,Nike,210000,부산 센텀시티점 (Busan)
lee.donghae@daum.net,36,Female,Luxury,Puma,385000,부산 센텀시티점 (Busan)
choi.soobin88@yahoo.com,34,Female,Streetwear,H&M,140000,대전 은행동점 (Daejeon)
hyesoo-p@naver.com,53,Female,Luxury,Zara,390000,대전 은행동점 (Daejeon)
lee.donghae@daum.net,57,Male,Streetwear,Gucci,265000,대전 은행동점 (Daejeon)
yuna.kim23@gmail.com,19,Male,Streetwear,Louis Vuitton,85000,대구 동성로점 (Daegu)
minji.kim39@gmail.com,54,Male,Fashionable,Zara,350000,부산 센텀시티점 (Busan)
lee.donghae@daum.net,24,Male,Sportswear,Supreme,240000,수원역점 (Suwon)
hyesoo-p@naver.com,18,Female,Casual,Nike,480000,압구정점 (Seoul)
lee.donghae@daum.net,34,Female,Sportswear,Adidas,455000,광주 충장로점 (Gwangju)
minho_lee45@outlook.com,40,Male,Luxury,Supreme,230000,압구정점 (Seoul)
jiwoo.jung_1985@naver.com,24,Male,Sportswear,H&M,85000,광주 충장로점 (Gwangju)
hyunwoo.choi@gmail.com,57,Female,Luxury,Nike,145000,압구정점 (Seoul)
minho_lee45@outlook.com,33,Male,Sportswear,Nike,295000,수원역점 (Suwon)
hyunwoo.choi@gmail.com,29,Female,Fashionable,H&M,250000,압구정점 (Seoul)
jiwoo.jung_1985@naver.com,30,Female,Streetwear,Supreme,330000,대전 은행동점 (Daejeon)
jiwoo.jung_1985@naver.com,37,Female,Luxury,Supreme,120000,대전 은행동점 (Daejeon)
minho_lee45@outlook.com,48,Female,Sportswear,Gucci,335000,광주 충장로점 (Gwangju)
yuna.kim23@gmail.com,20,Male,Sportswear,Adidas,215000,대전 은행동점 (Daejeon)
jisoo-park@naver.com,33,Female,Casual,Louis Vuitton,325000,부산 센텀시티점 (Busan)
hyunwoo.choi@gmail.com,39,Male,Casual,H&M,465000,강남점 (Seoul)
choi.soobin88@yahoo.com,35,Male,Sportswear,Louis Vuitton,295000,롯데백화점 부산본점 (Busan)
jiwoo.jung_1985@naver.com,37,Female,Luxury,Louis Vuitton,325000,강남점 (Seoul)
yuna.kim23@gmail.com,55,Female,Casual,Supreme,425000,광주 충장로점 (Gwangju)
choi.soobin88@yahoo.com,25,Female,Luxury,Supreme,225000,수원역점 (Suwon)
hyunwoo.choi@gmail.com,23,Female,Casual,Supreme,230000,롯데백화점 명동점 (Seoul)
minji.kim39@gmail.com,49,Male,Sportswear,H&M,490000,강남점 (Seoul)
jiwoo.jung_1985@naver.com,28,Male,Sportswear,Nike,400000,롯데백화점 부산본점 (Busan)
choi.soobin88@yahoo.com,57,Female,Streetwear,Zara,140000,수원역점 (Suwon)
hyesoo-p@naver.com,50,Male,Sportswear,Louis Vuitton,480000,강남점 (Seoul)
minji.kim39@gmail.com,54,Female,Fashionable,Adidas,460000,대전 은행동점 (Daejeon)
minho_lee45@outlook.com,37,Male,Fashionable,H&M,290000,롯데백화점 명동점 (Seoul)
jiwoo.jung_1985@naver.com,51,Male,Casual,Gucci,195000,압구정점 (Seoul)
jiwoo.jung_1985@naver.com,45,Male,Fashionable,Supreme,215000,수원역점 (Suwon)
minho_lee45@outlook.com,51,Female,Sportswear,Adidas,160000,대전 은행동점 (Daejeon)
yuna.kim23@gmail.com,52,Female,Streetwear,Zara,440000,강남점 (Seoul)
hyesoo-p@naver.com,56,Male,Luxury,Zara,485000,롯데백화점 명동점 (Seoul)
jiwoo.jung_1985@naver.com,27,Female,Luxury,Louis Vuitton,230000,압구정점 (Seoul)
hyunwoo.choi@gmail.com,49,Male,Fashionable,Gucci,90000,수원역점 (Suwon)
hyunwoo.choi@gmail.com,28,Female,Sportswear,Puma,230000,대구 동성로점 (Daegu)
yuna.kim23@gmail.com,49,Male,Casual,H&M,95000,신세계백화점 강남점 (Seoul)
hyunwoo.choi@gmail.com,57,Female,Casual,Adidas,240000,대전 은행동점 (Daejeon)
jiwoo.jung_1985@naver.com,45,Male,Casual,Gucci,325000,압구정점 (Seoul)
jisoo-park@naver.com,38,Female,Streetwear,Puma,135000,광주 충장로점 (Gwangju)
minji.kim39@gmail.com,52,Male,Fashionable,Nike,305000,부산 센텀시티점 (Busan)
hyunwoo.choi@gmail.com,52,Male,Casual,Gucci,125000,수원역점 (Suwon)
hyunwoo.choi@gmail.com,52,Female,Sportswear,Gucci,245000,부산 센텀시티점 (Busan)
hyunwoo.choi@gmail.com,28,Female,Fashionable,Gucci,355000,수원역점 (Suwon)
lee.donghae@daum.net,57,Male,Casual,Gucci,145000,광주 충장로점 (Gwangju)
hyunwoo.choi@gmail.com,50,Male,Luxury,Puma,500000,강남점 (Seoul)
choi.soobin88@yahoo.com,27,Male,Sportswear,Nike,185000,롯데백화점 명동점 (Seoul)
yuna.kim23@gmail.com,36,Female,Streetwear,Puma,140000,압구정점 (Seoul)
lee.donghae@daum.net,31,Male,Casual,Supreme,365000,롯데백화점 부산본점 (Busan)
hyunwoo.choi@gmail.com,46,Female,Casual,H&M,470000,신세계백화점 강남점 (Seoul)
choi.soobin88@yahoo.com,33,Male,Fashionable,Adidas,425000,압구정점 (Seoul)
yuna.kim23@gmail.com,57,Male,Casual,Zara,150000,광주 충장로점 (Gwangju)
jisoo-park@naver.com,58,Male,Sportswear,Gucci,180000,부산 센텀시티점 (Busan)
seo_young_kim@kakao.com,19,Female,Streetwear,Nike,395000,수원역점 (Suwon)
jisoo-park@naver.com,53,Male,Casual,Adidas,455000,롯데백화점 부산본점 (Busan)
choi.soobin88@yahoo.com,21,Female,Casual,Gucci,110000,부산 센텀시티점 (Busan)
minji.kim39@gmail.com,25,Female,Luxury,Louis Vuitton,275000,대구 동성로점 (Daegu)
choi.soobin88@yahoo.com,48,Male,Fashionable,Louis Vuitton,250000,롯데백화점 부산본점 (Busan)
yuna.kim23@gmail.com,40,Male,Fashionable,Puma,305000,대전 은행동점 (Daejeon)
minho_lee45@outlook.com,43,Female,Luxury,Supreme,360000,부산 센텀시티점 (Busan)
seo_young_kim@kakao.com,18,Male,Luxury,Zara,315000,강남점 (Seoul)
hyesoo-p@naver.com,49,Female,Fashionable,Zara,65000,압구정점 (Seoul)
yuna.kim23@gmail.com,46,Male,Casual,Supreme,215000,대구 동성로점 (Daegu)
jisoo-park@naver.com,35,Male,Sportswear,H&M,140000,압구정점 (Seoul)
seo_young_kim@kakao.com,30,Female,Casual,Supreme,245000,롯데백화점 부산본점 (Busan)
jiwoo.jung_1985@naver.com,21,Male,Streetwear,Supreme,315000,수원역점 (Suwon)
jiwoo.jung_1985@naver.com,53,Female,Sportswear,Nike,365000,롯데백화점 명동점 (Seoul)
minji.kim39@gmail.com,51,Male,Sportswear,Gucci,65000,롯데백화점 부산본점 (Busan)
minho_lee45@outlook.com,52,Female,Casual,H&M,450000,신세계백화점 강남점 (Seoul)
hyesoo-p@naver.com,42,Male,Fashionable,H&M,230000,부산 센텀시티점 (Busan)
minho_lee45@outlook.com,55,Female,Fashionable,Supreme,440000,대전 은행동점 (Daejeon)
seo_young_kim@kakao.com,51,Male,Fashionable,Adidas,310000,롯데백화점 부산본점 (Busan)
hyesoo-p@naver.com,21,Male,Casual,Nike,425000,신세계백화점 강남점 (Seoul)
hyunwoo.choi@gmail.com,57,Female,Casual,Zara,435000,수원역점 (Suwon)
minho_lee45@outlook.com,52,Male,Streetwear,H&M,75000,롯데백화점 명동점 (Seoul)
minji.kim39@gmail.com,58,Female,Casual,Adidas,315000,신세계백화점 강남점 (Seoul)
jisoo-park@naver.com,59,Male,Casual,Nike,385000,신세계백화점 강남점 (Seoul)
minho_lee45@outlook.com,43,Female,Luxury,H&M,420000,신세계백화점 강남점 (Seoul)
hyunwoo.choi@gmail.com,49,Male,Streetwear,Puma,215000,광주 충장로점 (Gwangju)
lee.donghae@daum.net,51,Female,Streetwear,Puma,95000,대전 은행동점 (Daejeon)
hyesoo-p@naver.com,50,Female,Streetwear,Puma,230000,압구정점 (Seoul)
jiwoo.jung_1985@naver.com,21,Female,Streetwear,Louis Vuitton,460000,압구정점 (Seoul)
yuna.kim23@gmail.com,49,Female,Fashionable,Gucci,390000,대전 은행동점 (Daejeon)
hyesoo-p@naver.com,20,Male,Sportswear,Adidas,425000,광주 충장로점 (Gwangju)
jiwoo.jung_1985@naver.com,29,Female,Streetwear,Gucci,345000,수원역점 (Suwon)
minho_lee45@outlook.com,36,Male,Luxury,Adidas,295000,광주 충장로점 (Gwangju)
hyesoo-p@naver.com,48,Male,Casual,Zara,240000,강남점 (Seoul)
minji.kim39@gmail.com,55,Female,Fashionable,Zara,350000,광주 충장로점 (Gwangju)
seo_young_kim@kakao.com,33,Male,Sportswear,H&M,320000,강남점 (Seoul)
hyunwoo.choi@gmail.com,51,Male,Luxury,Puma,165000,광주 충장로점 (Gwangju)
hyesoo-p@naver.com,51,Female,Casual,Supreme,85000,롯데백화점 명동점 (Seoul)
minji.kim39@gmail.com,30,Male,Luxury,Puma,370000,압구정점 (Seoul)
jisoo-park@naver.com,57,Male,Fashionable,Puma,100000,강남점 (Seoul)
hyunwoo.choi@gmail.com,33,Male,Casual,Adidas,380000,압구정점 (Seoul)
minho_lee45@outlook.com,18,Female,Streetwear,Nike,145000,압구정점 (Seoul)
yuna.kim23@gmail.com,47,Male,Streetwear,Gucci,495000,롯데백화점 부산본점 (Busan)
lee.donghae@daum.net,37,Male,Streetwear,Gucci,425000,압구정점 (Seoul)
hyesoo-p@naver.com,41,Male,Luxury,H&M,220000,수원역점 (Suwon)
jiwoo.jung_1985@naver.com,50,Male,Fashionable,Zara,330000,대전 은행동점 (Daejeon)
jiwoo.jung_1985@naver.com,27,Female,Casual,Adidas,285000,압구정점 (Seoul)
lee.donghae@daum.net,49,Female,Fashionable,Puma,465000,롯데백화점 명동점 (Seoul)
jisoo-park@naver.com,48,Female,Fashionable,Zara,455000,롯데백화점 부산본점 (Busan)
minho_lee45@outlook.com,27,Female,Casual,Supreme,125000,롯데백화점 명동점 (Seoul)
minji.kim39@gmail.com,33,Female,Fashionable,Louis Vuitton,305000,압구정점 (Seoul)
hyunwoo.choi@gmail.com,52,Female,Casual,Puma,495000,대전 은행동점 (Daejeon)
yuna.kim23@gmail.com,18,Female,Sportswear,Louis Vuitton,215000,신세계백화점 강남점 (Seoul)
lee.donghae@daum.net,37,Female,Streetwear,Puma,415000,롯데백화점 명동점 (Seoul)
minho_lee45@outlook.com,59,Male,Luxury,Nike,250000,롯데백화점 명동점 (Seoul)
choi.soobin88@yahoo.com,24,Male,Fashionable,H&M,195000,부산 센텀시티점 (Busan)
jisoo-park@naver.com,57,Female,Sportswear,Louis Vuitton,465000,압구정점 (Seoul)
seo_young_kim@kakao.com,24,Female,Luxury,Zara,60000,롯데백화점 부산본점 (Busan)
yuna.kim23@gmail.com,19,Female,Fashionable,Gucci,255000,광주 충장로점 (Gwangju)
seo_young_kim@kakao.com,58,Female,Fashionable,Louis Vuitton,130000,강남점 (Seoul)
jisoo-park@naver.com,40,Female,Streetwear,Adidas,225000,강남점 (Seoul)
choi.soobin88@yahoo.com,34,Female,Streetwear,H&M,415000,대구 동성로점 (Daegu)
lee.donghae@daum.net,21,Male,Casual,H&M,200000,광주 충장로점 (Gwangju)
jiwoo.jung_1985@naver.com,21,Female,Streetwear,Puma,475000,광주 충장로점 (Gwangju)
jisoo-park@naver.com,24,Female,Casual,Zara,65000,수원역점 (Suwon)
seo_young_kim@kakao.com,42,Female,Streetwear,Gucci,95000,부산 센텀시티점 (Busan)
choi.soobin88@yahoo.com,49,Male,Casual,Louis Vuitton,205000,신세계백화점 강남점 (Seoul)
minji.kim39@gmail.com,25,Female,Sportswear,Supreme,270000,신세계백화점 강남점 (Seoul)
yuna.kim23@gmail.com,34,Male,Fashionable,Nike,480000,압구정점 (Seoul)
seo_young_kim@kakao.com,35,Female,Streetwear,Zara,410000,롯데백화점 부산본점 (Busan)
yuna.kim23@gmail.com,36,Male,Luxury,H&M,225000,롯데백화점 부산본점 (Busan)
minji.kim39@gmail.com,51,Female,Fashionable,Supreme,435000,대전 은행동점 (Daejeon)
minho_lee45@outlook.com,48,Male,Casual,H&M,300000,수원역점 (Suwon)
seo_young_kim@kakao.com,52,Female,Sportswear,Adidas,330000,강남점 (Seoul)
jisoo-park@naver.com,19,Male,Luxury,H&M,450000,강남점 (Seoul)
jiwoo.jung_1985@naver.com,23,Male,Fashionable,H&M,310000,대전 은행동점 (Daejeon)
hyesoo-p@naver.com,25,Male,Sportswear,Puma,260000,압구정점 (Seoul)
seo_young_kim@kakao.com,54,Male,Fashionable,H&M,400000,수원역점 (Suwon)
jiwoo.jung_1985@naver.com,18,Female,Sportswear,Louis Vuitton,85000,대구 동성로점 (Daegu)
choi.soobin88@yahoo.com,34,Male,Streetwear,H&M,235000,롯데백화점 명동점 (Seoul)
jisoo-park@naver.com,54,Female,Fashionable,H&M,485000,압구정점 (Seoul)
minji.kim39@gmail.com,33,Male,Luxury,Louis Vuitton,185000,압구정점 (Seoul)
choi.soobin88@yahoo.com,20,Female,Sportswear,Adidas,270000,강남점 (Seoul)
yuna.kim23@gmail.com,45,Female,Sportswear,Louis Vuitton,130000,광주 충장로점 (Gwangju)
minji.kim39@gmail.com,28,Female,Luxury,Adidas,425000,수원역점 (Suwon)
jiwoo.jung_1985@naver.com,18,Male,Sportswear,Puma,180000,부산 센텀시티점 (Busan)
hyesoo-p@naver.com,41,Male,Luxury,Zara,60000,부산 센텀시티점 (Busan)
lee.donghae@daum.net,47,Male,Sportswear,Supreme,420000,대전 은행동점 (Daejeon)
hyesoo-p@naver.com,35,Female,Fashionable,H&M,55000,롯데백화점 부산본점 (Busan)
seo_young_kim@kakao.com,23,Male,Sportswear,H&M,155000,신세계백화점 강남점 (Seoul)
jisoo-park@naver.com,40,Male,Streetwear,Zara,310000,수원역점 (Suwon)
minho_lee45@outlook.com,39,Female,Casual,Louis Vuitton,345000,대구 동성로점 (Daegu)
minji.kim39@gmail.com,35,Male,Casual,Zara,285000,롯데백화점 명동점 (Seoul)
minji.kim39@gmail.com,29,Female,Streetwear,Gucci,390000,신세계백화점 강남점 (Seoul)
yuna.kim23@gmail.com,25,Female,Casual,Supreme,415000,롯데백화점 명동점 (Seoul)
choi.soobin88@yahoo.com,53,Female,Sportswear,Adidas,125000,압구정점 (Seoul)
hyunwoo.choi@gmail.com,35,Female,Casual,Zara,315000,수원역점 (Suwon)
hyesoo-p@naver.com,50,Male,Sportswear,Puma,140000,롯데백화점 명동점 (Seoul)
jiwoo.jung_1985@naver.com,30,Male,Fashionable,Gucci,300000,압구정점 (Seoul)
hyunwoo.choi@gmail.com,30,Male,Sportswear,Louis Vuitton,135000,롯데백화점 명동점 (Seoul)
choi.soobin88@yahoo.com,43,Male,Luxury,Louis Vuitton,315000,롯데백화점 명동점 (Seoul)
minji.kim39@gmail.com,25,Female,Fashionable,Nike,365000,대전 은행동점 (Daejeon)
hyesoo-p@naver.com,54,Female,Luxury,Puma,245000,광주 충장로점 (Gwangju)
seo_young_kim@kakao.com,56,Male,Casual,Puma,190000,광주 충장로점 (Gwangju)
lee.donghae@daum.net,46,Female,Luxury,Gucci,470000,수원역점 (Suwon)
hyunwoo.choi@gmail.com,55,Male,Streetwear,Zara,185000,신세계백화점 강남점 (Seoul)
yuna.kim23@gmail.com,28,Male,Casual,Supreme,170000,부산 센텀시티점 (Busan)
jiwoo.jung_1985@naver.com,41,Male,Luxury,Zara,85000,롯데백화점 부산본점 (Busan)
lee.donghae@daum.net,42,Male,Fashionable,Puma,410000,강남점 (Seoul)
jisoo-park@naver.com,50,Male,Casual,Zara,325000,광주 충장로점 (Gwangju)
jiwoo.jung_1985@naver.com,44,Female,Sportswear,Supreme,430000,대구 동성로점 (Daegu)
yuna.kim23@gmail.com,38,Female,Streetwear,Supreme,330000,대구 동성로점 (Daegu)
jiwoo.jung_1985@naver.com,34,Female,Fashionable,Puma,295000,롯데백화점 부산본점 (Busan)
hyunwoo.choi@gmail.com,26,Female,Luxury,Adidas,410000,신세계백화점 강남점 (Seoul)
hyesoo-p@naver.com,22,Female,Casual,Zara,355000,롯데백화점 명동점 (Seoul)
yuna.kim23@gmail.com,46,Female,Fashionable,Puma,270000,대구 동성로점 (Daegu)
lee.donghae@daum.net,58,Male,Fashionable,H&M,475000,신세계백화점 강남점 (Seoul)
choi.soobin88@yahoo.com,42,Male,Luxury,Louis Vuitton,205000,압구정점 (Seoul)
hyunwoo.choi@gmail.com,24,Male,Casual,Zara,125000,광주 충장로점 (Gwangju)
minji.kim39@gmail.com,58,Female,Streetwear,Supreme,500000,강남점 (Seoul)
hyunwoo.choi@gmail.com,42,Female,Luxury,Adidas,450000,대구 동성로점 (Daegu)
seo_young_kim@kakao.com,59,Male,Luxury,H&M,425000,신세계백화점 강남점 (Seoul)
seo_young_kim@kakao.com,23,Male,Sportswear,Adidas,385000,대전 은행동점 (Daejeon)
hyunwoo.choi@gmail.com,57,Male,Fashionable,Nike,415000,부산 센텀시티점 (Busan)
jisoo-park@naver.com,33,Male,Fashionable,Louis Vuitton,405000,광주 충장로점 (Gwangju)
minji.kim39@gmail.com,39,Male,Casual,Louis Vuitton,390000,롯데백화점 명동점 (Seoul)
yuna.kim23@gmail.com,23,Female,Luxury,Nike,455000,수원역점 (Suwon)
jisoo-park@naver.com,43,Male,Luxury,Zara,220000,롯데백화점 부산본점 (Busan)
choi.soobin88@yahoo.com,44,Male,Casual,Supreme,380000,강남점 (Seoul)
choi.soobin88@yahoo.com,39,Male,Sportswear,Supreme,430000,대전 은행동점 (Daejeon)
hyesoo-p@naver.com,53,Female,Streetwear,Adidas,405000,대구 동성로점 (Daegu)
choi.soobin88@yahoo.com,34,Female,Fashionable,Puma,90000,부산 센텀시티점 (Busan)
yuna.kim23@gmail.com,40,Female,Streetwear,Louis Vuitton,230000,부산 센텀시티점 (Busan)
jisoo-park@naver.com,33,Male,Fashionable,Adidas,140000,롯데백화점 명동점 (Seoul)
hyunwoo.choi@gmail.com,26,Male,Fashionable,Zara,390000,롯데백화점 명동점 (Seoul)